-- phpMyAdmin SQL Dump
-- version 5.0.4
-- https://www.phpmyadmin.net/
--
-- Host: 127.0.0.1
-- Generation Time: Jan 22, 2021 at 02:35 PM
-- Server version: 10.4.17-MariaDB
-- PHP Version: 8.0.0

SET SQL_MODE = "NO_AUTO_VALUE_ON_ZERO";
START TRANSACTION;
SET time_zone = "+00:00";


/*!40101 SET @OLD_CHARACTER_SET_CLIENT=@@CHARACTER_SET_CLIENT */;
/*!40101 SET @OLD_CHARACTER_SET_RESULTS=@@CHARACTER_SET_RESULTS */;
/*!40101 SET @OLD_COLLATION_CONNECTION=@@COLLATION_CONNECTION */;
/*!40101 SET NAMES utf8mb4 */;

--
-- Database: `kmgt`
--

-- --------------------------------------------------------

--
-- Table structure for table `admin`
--

CREATE TABLE `admin` (
  `aid` int(11) NOT NULL,
  `username` varchar(150) NOT NULL,
  `password` varchar(150) NOT NULL
) ENGINE=InnoDB DEFAULT CHARSET=utf8mb4;

--
-- Dumping data for table `admin`
--

INSERT INTO `admin` (`aid`, `username`, `password`) VALUES
(1, 'admin', '0000');

-- --------------------------------------------------------

--
-- Table structure for table `class`
--

CREATE TABLE `class` (
  `cid` int(11) NOT NULL,
  `CNAME` int(11) NOT NULL,
  `CSEC` varchar(11) NOT NULL
) ENGINE=InnoDB DEFAULT CHARSET=utf8mb4;

--
-- Dumping data for table `class`
--

INSERT INTO `class` (`cid`, `CNAME`, `CSEC`) VALUES
(1, 1, 'Alpa'),
(2, 2, 'Beta'),
(3, 3, 'Theta'),
(4, 4, 'Gamma'),
(6, 1, 'Gamma');

-- --------------------------------------------------------

--
-- Table structure for table `form`
--

CREATE TABLE `form` (
  `fid` int(11) NOT NULL,
  `form` int(11) NOT NULL,
  `stream` varchar(30) NOT NULL
) ENGINE=InnoDB DEFAULT CHARSET=utf8mb4;

-- --------------------------------------------------------

--
-- Table structure for table `hclass`
--

CREATE TABLE `hclass` (
  `HID` int(10) NOT NULL,
  `TID` int(10) NOT NULL,
  `CLA` varchar(30) NOT NULL,
  `SEC` varchar(30) NOT NULL,
  `SUB` varchar(30) NOT NULL
) ENGINE=InnoDB DEFAULT CHARSET=utf8mb4;

--
-- Dumping data for table `hclass`
--

INSERT INTO `hclass` (`HID`, `TID`, `CLA`, `SEC`, `SUB`) VALUES
(1, 1, '1', 'Alpa', 'English'),
(2, 1, '1', 'Gamma', 'Chemistry');

-- --------------------------------------------------------

--
-- Table structure for table `mark`
--

CREATE TABLE `mark` (
  `MID` int(11) NOT NULL,
  `adm_no` varchar(30) NOT NULL,
  `SUB` varchar(150) NOT NULL,
  `MARK` varchar(15) NOT NULL,
  `TERM` varchar(30) NOT NULL,
  `form` varchar(30) NOT NULL
) ENGINE=InnoDB DEFAULT CHARSET=utf8mb4;

--
-- Dumping data for table `mark`
--

INSERT INTO `mark` (`MID`, `adm_no`, `SUB`, `MARK`, `TERM`, `form`) VALUES
(1, '3901', 'Chemistry', '96', 'II-Term', '4'),
(2, '3868', 'Chemistry', '90', 'II-Term', '4');

-- --------------------------------------------------------

--
-- Table structure for table `mtiani`
--

CREATE TABLE `mtiani` (
  `EID` int(11) NOT NULL,
  `ENAME` varchar(30) NOT NULL,
  `ETERM` varchar(30) NOT NULL,
  `EDATE` date NOT NULL,
  `EROOM` varchar(30) NOT NULL,
  `CLASS` varchar(30) NOT NULL,
  `SUB` varchar(150) NOT NULL
) ENGINE=InnoDB DEFAULT CHARSET=utf8mb4;

--
-- Dumping data for table `mtiani`
--

INSERT INTO `mtiani` (`EID`, `ENAME`, `ETERM`, `EDATE`, `EROOM`, `CLASS`, `SUB`) VALUES
(11, 'C.A.T 1', 'I-Term', '2018-01-22', 'ER 1', '2', 'Kiswahili'),
(13, 'C.A.T 1', 'I-Term', '2018-01-23', 'ER 4', '4', 'Physics'),
(14, 'C.A.T 1', 'I-Term', '2018-01-23', 'ER 3', '3', 'Maths'),
(15, 'C.A.T 1', 'I-Term', '2021-01-22', 'ER 1', '1', 'English');

-- --------------------------------------------------------

--
-- Table structure for table `student`
--

CREATE TABLE `student` (
  `aid` int(11) NOT NULL,
  `adm_no` int(30) NOT NULL,
  `sname` varchar(150) NOT NULL,
  `dob` date NOT NULL,
  `gender` varchar(15) NOT NULL,
  `telephone` text NOT NULL,
  `mail` varchar(150) NOT NULL,
  `form` varchar(15) NOT NULL,
  `stream` varchar(30) NOT NULL,
  `image` varchar(150) NOT NULL,
  `tid` int(11) NOT NULL
) ENGINE=InnoDB DEFAULT CHARSET=utf8mb4;

--
-- Dumping data for table `student`
--

INSERT INTO `student` (`aid`, `adm_no`, `sname`, `dob`, `gender`, `telephone`, `mail`, `form`, `stream`, `image`, `tid`) VALUES
(1, 3866, 'Adriana Baistow', '1999-11-28', 'Female', '716-819-5579', 'abaistow0@uol.com.br', '1', 'Gamma ', 'img/user1.png', 25),
(2, 4250, 'Isis Geer', '2002-02-28', 'Female', '910-476-5800', 'igeer1@naver.com', '1', 'Theta ', 'img/user1.png', 27),
(3, 4703, 'Rossy Hardy', '2003-08-11', 'Male', '482-528-2565', 'rhardy2@drupal.org', '2', 'Alpha ', 'img/user1.png', 16),
(4, 4128, 'Joscelin McGeorge', '2001-11-10', 'Female', '795-867-9567', 'jmcgeorge3@wunderground.com', '1', 'Beta ', 'img/user1.png', 2),
(5, 3901, 'Heath Rankine', '1999-06-24', 'Female', '563-317-3739', 'hrankine4@skyrock.com', '4', 'Gamma ', 'img/user1.png', 1),
(6, 4371, 'Chico Tinline', '1999-06-19', 'Male', '334-458-8831', 'ctinline5@bbb.org', '2', 'Theta ', 'img/user1.png', 28),
(7, 4764, 'Khalil Storrs', '2003-02-15', 'Male', '372-258-1649', 'kstorrs6@zdnet.com', '3', 'Alpha ', 'img/user1.png', 5),
(8, 4106, 'Nikola Bearward', '2001-02-18', 'Male', '724-509-4895', 'nbearward7@4shared.com', '4', 'Beta ', 'img/user1.png', 27),
(9, 4193, 'Bat Doers', '2003-05-18', 'Male', '692-674-9656', 'bdoers8@newyorker.com', '3', 'Gamma ', 'img/user1.png', 20),
(10, 3963, 'Eugenio Glasby', '1998-03-16', 'Male', '784-779-0365', 'eglasby9@google.co.uk', '2', 'Theta ', 'img/user1.png', 12),
(11, 4160, 'Brittany Allkins', '2002-01-25', 'Female', '527-812-6196', 'ballkinsa@nasa.gov', '4', 'Alpha ', 'img/user1.png', 3),
(12, 4434, 'Ilyse O\'Doogan', '2002-01-10', 'Female', '832-781-9000', 'iodooganb@cnet.com', '2', 'Beta ', 'img/user1.png', 29),
(13, 3954, 'Andrew Jellett', '2001-03-12', 'Male', '775-133-6651', 'ajellettc@angelfire.com', '4', 'Gamma ', 'img/user1.png', 35),
(14, 4009, 'Jamesy Bolton', '1998-06-08', 'Male', '684-818-8615', 'jboltond@sciencedirect.com', '1', 'Theta ', 'img/user1.png', 22),
(15, 4416, 'Mikol Timmermann', '2001-12-14', 'Male', '858-743-8765', 'mtimmermanne@gravatar.com', '2', 'Alpha ', 'img/user1.png', 1),
(16, 4622, 'Audrie Riccardini', '2003-05-30', 'Female', '661-591-9238', 'ariccardinif@fastcompany.com', '1', 'Beta ', 'img/user1.png', 8),
(17, 4079, 'Edvard Wooffinden', '1999-07-15', 'Male', '845-968-6654', 'ewooffindeng@shinystat.com', '3', 'Gamma ', 'img/user1.png', 29),
(18, 4082, 'Chuck Derye-Barrett', '2001-07-06', 'Male', '195-117-3604', 'cderyebarretth@wsj.com', '1', 'Theta ', 'img/user1.png', 12),
(19, 4137, 'Marne Januszewicz', '2001-08-26', 'Female', '457-229-4988', 'mjanuszewiczi@uiuc.edu', '4', 'Alpha ', 'img/user1.png', 15),
(20, 4366, 'Sherry Coneybeare', '2000-11-13', 'Female', '815-456-4572', 'sconeybearej@miitbeian.gov.cn', '2', 'Beta ', 'img/user1.png', 39),
(21, 4325, 'Garey Reimer', '1998-07-27', 'Male', '777-597-4495', 'greimerk@mapquest.com', '3', 'Gamma ', 'img/user1.png', 16),
(22, 4531, 'Demetra Enderby', '2000-07-26', 'Female', '931-920-7341', 'denderbyl@naver.com', '4', 'Theta ', 'img/user1.png', 9),
(23, 4415, 'Appolonia Dorkens', '2000-01-19', 'Female', '569-353-2071', 'adorkensm@intel.com', '1', 'Alpha ', 'img/user1.png', 13),
(24, 4002, 'Zebadiah Cockerham', '2002-06-30', 'Male', '841-301-0545', 'zcockerhamn@surveymonkey.com', '1', 'Beta ', 'img/user1.png', 23),
(25, 4518, 'Zerk Iannello', '2002-04-09', 'Male', '184-496-7945', 'ziannelloo@wordpress.org', '1', 'Gamma ', 'img/user1.png', 26),
(26, 4333, 'Vevay Ferryman', '2000-12-26', 'Female', '640-286-6449', 'vferrymanp@cdc.gov', '3', 'Theta ', 'img/user1.png', 33),
(27, 4632, 'Lanny Keenlayside', '2000-10-15', 'Female', '706-859-0545', 'lkeenlaysideq@ucoz.com', '4', 'Alpha ', 'img/user1.png', 11),
(28, 4456, 'Sancho Shippam', '1999-11-11', 'Male', '386-357-3024', 'sshippamr@stanford.edu', '1', 'Beta ', 'img/user1.png', 23),
(29, 4040, 'Carol Lorraine', '1999-01-28', 'Female', '813-643-4466', 'clorraines@topsy.com', '1', 'Gamma ', 'img/user1.png', 37),
(30, 4742, 'Kayle Langford', '2002-08-14', 'Female', '956-708-9623', 'klangfordt@yellowpages.com', '2', 'Theta ', 'img/user1.png', 40),
(31, 4464, 'Winn Randleson', '2003-05-02', 'Male', '756-258-2795', 'wrandlesonu@nymag.com', '4', 'Alpha ', 'img/user1.png', 7),
(32, 4794, 'Connor Greave', '2001-05-29', 'Male', '804-853-0105', 'cgreavev@epa.gov', '4', 'Beta ', 'img/user1.png', 12),
(33, 4183, 'Agatha Rodolfi', '2003-05-30', 'Female', '363-217-3693', 'arodolfiw@networksolutions.com', '4', 'Gamma ', 'img/user1.png', 12),
(34, 4376, 'Lorianna Awin', '2000-07-02', 'Female', '749-334-9031', 'lawinx@spiegel.de', '1', 'Theta ', 'img/user1.png', 28),
(35, 4800, 'Buiron Cyseley', '1998-06-20', 'Male', '450-334-2669', 'bcyseleyy@twitpic.com', '2', 'Alpha ', 'img/user1.png', 15),
(36, 4022, 'Gretchen Orviss', '2002-06-30', 'Female', '712-833-2759', 'gorvissz@bloomberg.com', '3', 'Beta ', 'img/user1.png', 22),
(37, 4025, 'Terrell Lamps', '2003-08-19', 'Male', '196-666-0836', 'tlamps10@bluehost.com', '3', 'Gamma ', 'img/user1.png', 39),
(38, 3948, 'Lorry Asbrey', '2001-11-05', 'Male', '393-617-2565', 'lasbrey11@dell.com', '1', 'Theta ', 'img/user1.png', 24),
(39, 4384, 'Welsh MacLleese', '2000-07-28', 'Male', '483-318-0166', 'wmaclleese12@auda.org.au', '1', 'Alpha ', 'img/user1.png', 37),
(40, 4243, 'Carola Perrat', '1999-06-12', 'Female', '227-410-8586', 'cperrat13@ca.gov', '4', 'Beta ', 'img/user1.png', 37),
(41, 4598, 'Archibaldo Tweed', '2002-03-12', 'Male', '124-491-6918', 'atweed14@salon.com', '2', 'Gamma ', 'img/user1.png', 32),
(42, 4688, 'Merwin Rix', '1999-08-13', 'Male', '229-996-3778', 'mrix15@who.int', '3', 'Theta ', 'img/user1.png', 15),
(43, 4658, 'Flo Reichelt', '2002-03-13', 'Female', '553-766-9385', 'freichelt16@toplist.cz', '1', 'Alpha ', 'img/user1.png', 30),
(44, 3844, 'Boigie Sainsbury', '2001-03-04', 'Male', '868-493-7015', 'bsainsbury17@ezinearticles.com', '3', 'Beta ', 'img/user1.png', 21),
(45, 4800, 'Thorin Shelliday', '2001-10-20', 'Male', '249-842-4495', 'tshelliday18@mac.com', '2', 'Gamma ', 'img/user1.png', 32),
(46, 4396, 'Tish Sharland', '2000-11-29', 'Female', '355-562-5837', 'tsharland19@ezinearticles.com', '3', 'Theta ', 'img/user1.png', 10),
(47, 4338, 'Doti Gamlyn', '2000-01-30', 'Female', '558-547-3498', 'dgamlyn1a@opera.com', '2', 'Alpha ', 'img/user1.png', 2),
(48, 4309, 'Gherardo Huriche', '1998-09-01', 'Male', '181-713-7755', 'ghuriche1b@soup.io', '1', 'Beta ', 'img/user1.png', 22),
(49, 4274, 'Keri Walesby', '2000-12-05', 'Female', '572-527-3694', 'kwalesby1c@telegraph.co.uk', '1', 'Gamma ', 'img/user1.png', 18),
(50, 4661, 'Hillie Radmer', '1999-03-04', 'Male', '649-573-7444', 'hradmer1d@loc.gov', '2', 'Theta ', 'img/user1.png', 28),
(51, 4242, 'Marisa Rawe', '2003-03-13', 'Female', '328-351-8906', 'mrawe1e@storify.com', '1', 'Alpha ', 'img/user1.png', 15),
(52, 4703, 'Kelcey Pierce', '2003-06-27', 'Female', '697-117-4179', 'kpierce1f@nymag.com', '3', 'Beta ', 'img/user1.png', 34),
(53, 4034, 'Nicolea Bridgeland', '2000-06-10', 'Female', '500-289-4315', 'nbridgeland1g@gmpg.org', '4', 'Gamma ', 'img/user1.png', 16),
(54, 4174, 'Cirstoforo Lugden', '2002-10-28', 'Male', '609-593-6282', 'clugden1h@shareasale.com', '3', 'Theta ', 'img/user1.png', 36),
(55, 3912, 'Elle Thunnercliff', '2000-11-19', 'Female', '306-625-8630', 'ethunnercliff1i@cloudflare.com', '4', 'Alpha ', 'img/user1.png', 26),
(56, 4800, 'Valaria Beseke', '2003-03-20', 'Female', '412-165-1130', 'vbeseke1j@usda.gov', '2', 'Beta ', 'img/user1.png', 9),
(57, 4416, 'Cornelius Joire', '2002-08-31', 'Male', '718-174-3301', 'cjoire1k@prlog.org', '4', 'Gamma ', 'img/user1.png', 28),
(58, 3980, 'Ricca Attryde', '2003-09-22', 'Female', '906-832-4798', 'rattryde1l@ning.com', '4', 'Theta ', 'img/user1.png', 1),
(59, 4798, 'Denver Mattocks', '2002-04-26', 'Male', '152-640-2057', 'dmattocks1m@boston.com', '3', 'Alpha ', 'img/user1.png', 8),
(60, 4560, 'Brad Risdale', '2001-11-22', 'Male', '944-440-2805', 'brisdale1n@arizona.edu', '1', 'Beta ', 'img/user1.png', 10),
(61, 4227, 'Shae Holsey', '2001-01-03', 'Male', '645-160-8626', 'sholsey1o@google.ca', '3', 'Gamma ', 'img/user1.png', 33),
(62, 4149, 'Torin Holyard', '2000-11-10', 'Male', '310-306-1874', 'tholyard1p@sitemeter.com', '1', 'Theta ', 'img/user1.png', 37),
(63, 4052, 'Tonia Asken', '2000-12-11', 'Female', '459-444-4423', 'tasken1q@nasa.gov', '2', 'Alpha ', 'img/user1.png', 28),
(64, 4492, 'Colas Bacop', '2002-05-20', 'Male', '194-712-9274', 'cbacop1r@earthlink.net', '3', 'Beta ', 'img/user1.png', 7),
(65, 4145, 'Leigh Fruchon', '2003-02-11', 'Female', '914-419-3584', 'lfruchon1s@sciencedaily.com', '1', 'Gamma ', 'img/user1.png', 3),
(66, 4332, 'Kelby Faier', '1999-09-26', 'Male', '203-783-4553', 'kfaier1t@shop-pro.jp', '3', 'Theta ', 'img/user1.png', 2),
(67, 4764, 'Walton Salle', '1999-04-28', 'Male', '753-180-9298', 'wsalle1u@shutterfly.com', '2', 'Alpha ', 'img/user1.png', 26),
(68, 4628, 'Wilbur Nurcombe', '2000-10-26', 'Male', '381-641-7236', 'wnurcombe1v@zdnet.com', '1', 'Beta ', 'img/user1.png', 16),
(69, 3921, 'Tris D\'Onisi', '1999-02-02', 'Male', '128-338-0988', 'tdonisi1w@ezinearticles.com', '3', 'Gamma ', 'img/user1.png', 20),
(70, 4570, 'Madlin Unwin', '2004-01-14', 'Female', '162-586-0471', 'munwin1x@smh.com.au', '4', 'Theta ', 'img/user1.png', 36),
(71, 4529, 'Vic Wesgate', '2000-12-31', 'Male', '546-394-6056', 'vwesgate1y@youku.com', '3', 'Alpha ', 'img/user1.png', 26),
(72, 4061, 'Johnnie Bliben', '2000-06-28', 'Male', '307-742-9631', 'jbliben1z@gmpg.org', '2', 'Beta ', 'img/user1.png', 33),
(73, 4440, 'Marlie Menpes', '2002-03-25', 'Female', '321-288-1989', 'mmenpes20@indiatimes.com', '1', 'Gamma ', 'img/user1.png', 5),
(74, 4275, 'Rickie Talbot', '2003-04-01', 'Male', '545-647-5051', 'rtalbot21@sbwire.com', '1', 'Theta ', 'img/user1.png', 24),
(75, 4177, 'Fraze Soonhouse', '1999-05-03', 'Male', '905-251-3711', 'fsoonhouse22@va.gov', '4', 'Alpha ', 'img/user1.png', 29),
(76, 4113, 'Bryanty Mounce', '2003-06-19', 'Male', '140-208-9372', 'bmounce23@apache.org', '2', 'Beta ', 'img/user1.png', 6),
(77, 4216, 'Errick Mertel', '1999-10-15', 'Male', '860-586-4101', 'emertel24@biglobe.ne.jp', '2', 'Gamma ', 'img/user1.png', 36),
(78, 4721, 'Ludvig Bastone', '2000-03-04', 'Male', '798-535-4135', 'lbastone25@paginegialle.it', '3', 'Theta ', 'img/user1.png', 12),
(79, 3996, 'Marylou Ahrendsen', '2002-01-24', 'Female', '983-953-3889', 'mahrendsen26@bbc.co.uk', '2', 'Alpha ', 'img/user1.png', 14),
(80, 4651, 'Armando Andriuzzi', '1999-07-10', 'Male', '723-447-7538', 'aandriuzzi27@biblegateway.com', '4', 'Beta ', 'img/user1.png', 17),
(81, 4669, 'Flora Jerrans', '2001-11-02', 'Female', '433-235-0618', 'fjerrans28@mit.edu', '3', 'Gamma ', 'img/user1.png', 11),
(82, 4688, 'Dermot Annesley', '2003-03-26', 'Male', '386-692-5192', 'dannesley29@freewebs.com', '2', 'Theta ', 'img/user1.png', 31),
(83, 4535, 'Waylin Botting', '2002-12-09', 'Male', '730-764-7585', 'wbotting2a@soup.io', '4', 'Alpha ', 'img/user1.png', 2),
(84, 4667, 'Vera Gellert', '2003-07-13', 'Female', '625-191-8869', 'vgellert2b@howstuffworks.com', '4', 'Beta ', 'img/user1.png', 10),
(85, 4344, 'Gregoire Lidell', '2003-04-06', 'Male', '590-990-9485', 'glidell2c@reference.com', '2', 'Gamma ', 'img/user1.png', 7),
(86, 4291, 'Hakim Westberg', '2002-05-24', 'Male', '123-762-4685', 'hwestberg2d@freewebs.com', '4', 'Theta ', 'img/user1.png', 35),
(87, 4064, 'Mick Raise', '2003-02-12', 'Male', '710-794-2282', 'mraise2e@google.ru', '2', 'Alpha ', 'img/user1.png', 13),
(88, 3812, 'Reinwald Schuchmacher', '2002-07-30', 'Male', '704-508-1853', 'rschuchmacher2f@networksolutions.com', '1', 'Beta ', 'img/user1.png', 2),
(89, 4323, 'Marijo De Luna', '2000-08-12', 'Female', '489-215-3721', 'mde2g@ocn.ne.jp', '4', 'Gamma ', 'img/user1.png', 36),
(90, 3948, 'Brooks Caller', '2001-11-28', 'Male', '771-523-2028', 'bcaller2h@51.la', '4', 'Theta ', 'img/user1.png', 7),
(91, 4499, 'Marilin Sherr', '2002-06-08', 'Female', '746-746-6482', 'msherr2i@istockphoto.com', '4', 'Alpha ', 'img/user1.png', 40),
(92, 4356, 'Hasheem Fenck', '2003-08-24', 'Male', '423-493-4062', 'hfenck2j@tripod.com', '2', 'Beta ', 'img/user1.png', 17),
(93, 4560, 'Austina Rodbourne', '1999-07-11', 'Female', '902-366-0266', 'arodbourne2k@amazon.co.uk', '4', 'Gamma ', 'img/user1.png', 21),
(94, 3890, 'Ives Coade', '1999-08-30', 'Male', '252-446-6718', 'icoade2l@businessinsider.com', '1', 'Theta ', 'img/user1.png', 15),
(95, 4477, 'Brander Ciccetti', '2002-04-15', 'Male', '463-207-7024', 'bciccetti2m@nbcnews.com', '4', 'Alpha ', 'img/user1.png', 25),
(96, 3881, 'Jard Durn', '1998-02-04', 'Male', '960-655-1916', 'jdurn2n@sciencedirect.com', '2', 'Beta ', 'img/user1.png', 8),
(97, 4400, 'Garrot Harback', '1999-06-27', 'Male', '694-163-1154', 'gharback2o@xinhuanet.com', '4', 'Gamma ', 'img/user1.png', 26),
(98, 4503, 'Allyn Galvan', '2003-10-29', 'Male', '303-512-2787', 'agalvan2p@webeden.co.uk', '1', 'Theta ', 'img/user1.png', 24),
(99, 4420, 'Mattie Lomasney', '1999-01-01', 'Male', '495-256-0497', 'mlomasney2q@dailymail.co.uk', '4', 'Alpha ', 'img/user1.png', 24),
(100, 4288, 'Currey O\' Byrne', '1998-12-02', 'Male', '417-110-6224', 'co2r@alibaba.com', '4', 'Beta ', 'img/user1.png', 38),
(101, 4759, 'Sloane Malkie', '2002-03-19', 'Male', '171-664-9279', 'smalkie2s@bandcamp.com', '2', 'Gamma ', 'img/user1.png', 25),
(102, 3817, 'Ulick Huikerby', '2002-02-24', 'Male', '721-495-2525', 'uhuikerby2t@slate.com', '1', 'Theta ', 'img/user1.png', 11),
(103, 3889, 'Gwenette Edwardson', '2002-08-28', 'Female', '659-739-7814', 'gedwardson2u@ustream.tv', '1', 'Alpha ', 'img/user1.png', 31),
(104, 4676, 'Verile Garfoot', '2000-11-08', 'Female', '152-929-4050', 'vgarfoot2v@chicagotribune.com', '4', 'Beta ', 'img/user1.png', 23),
(105, 4682, 'Cesaro Muckle', '2001-03-28', 'Male', '940-971-1273', 'cmuckle2w@aboutads.info', '4', 'Gamma ', 'img/user1.png', 30),
(106, 3867, 'Thorndike Vela', '2002-03-19', 'Male', '211-996-4444', 'tvela2x@g.co', '2', 'Theta ', 'img/user1.png', 23),
(107, 4553, 'Leanora Bazell', '2002-08-11', 'Female', '531-575-3840', 'lbazell2y@army.mil', '3', 'Alpha ', 'img/user1.png', 13),
(108, 3818, 'Andee Bradlaugh', '2000-08-04', 'Female', '467-277-6874', 'abradlaugh2z@dailymotion.com', '3', 'Beta ', 'img/user1.png', 21),
(109, 4210, 'Joete Goodreid', '2001-05-23', 'Female', '937-752-6081', 'jgoodreid30@cornell.edu', '1', 'Gamma ', 'img/user1.png', 16),
(110, 4662, 'Mal Ketton', '2001-07-26', 'Male', '968-617-0484', 'mketton31@yelp.com', '4', 'Theta ', 'img/user1.png', 18),
(111, 4220, 'Peri Ridge', '1999-12-09', 'Female', '960-931-3587', 'pridge32@hp.com', '1', 'Alpha ', 'img/user1.png', 8),
(112, 4239, 'Korry Patesel', '1999-01-28', 'Female', '167-489-3282', 'kpatesel33@baidu.com', '4', 'Beta ', 'img/user1.png', 11),
(113, 4442, 'Lawrence Seacombe', '2003-02-02', 'Male', '325-291-1478', 'lseacombe34@netlog.com', '3', 'Gamma ', 'img/user1.png', 27),
(114, 4406, 'Dolores Rimour', '2003-01-14', 'Female', '256-901-5683', 'drimour35@shutterfly.com', '4', 'Theta ', 'img/user1.png', 3),
(115, 4298, 'Pammy Garrit', '1999-03-17', 'Female', '643-978-4066', 'pgarrit36@cloudflare.com', '3', 'Alpha ', 'img/user1.png', 36),
(116, 4031, 'Cobb Beedell', '2000-11-28', 'Male', '945-501-0476', 'cbeedell37@myspace.com', '2', 'Beta ', 'img/user1.png', 40),
(117, 4773, 'Cris Dolby', '2001-08-08', 'Male', '562-871-4204', 'cdolby38@salon.com', '1', 'Gamma ', 'img/user1.png', 21),
(118, 4496, 'Mel Jaggar', '2003-07-02', 'Female', '814-831-3587', 'mjaggar39@simplemachines.org', '2', 'Theta ', 'img/user1.png', 3),
(119, 4601, 'Romonda Danher', '2001-06-25', 'Female', '408-917-2617', 'rdanher3a@deliciousdays.com', '3', 'Alpha ', 'img/user1.png', 28),
(120, 4316, 'Daffi Gooddy', '1999-05-11', 'Female', '593-179-0493', 'dgooddy3b@mozilla.com', '4', 'Beta ', 'img/user1.png', 40),
(121, 4401, 'Giorgia Fausset', '1998-10-23', 'Female', '497-846-5909', 'gfausset3c@answers.com', '4', 'Gamma ', 'img/user1.png', 29),
(122, 4022, 'Boot Paine', '2003-07-07', 'Male', '990-948-9839', 'bpaine3d@cyberchimps.com', '1', 'Theta ', 'img/user1.png', 22),
(123, 4715, 'Iggie Toderbrugge', '2002-02-24', 'Male', '464-706-4910', 'itoderbrugge3e@ed.gov', '2', 'Alpha ', 'img/user1.png', 25),
(124, 4172, 'Jude Blunsom', '2002-11-05', 'Male', '741-599-9516', 'jblunsom3f@home.pl', '4', 'Beta ', 'img/user1.png', 20),
(125, 4032, 'Pascal Muffen', '2000-06-21', 'Male', '972-281-4439', 'pmuffen3g@japanpost.jp', '3', 'Gamma ', 'img/user1.png', 7),
(126, 4410, 'Cornall Valentinuzzi', '1999-08-31', 'Male', '615-492-2089', 'cvalentinuzzi3h@squidoo.com', '4', 'Theta ', 'img/user1.png', 27),
(127, 4242, 'Delano Shiels', '2001-12-05', 'Male', '349-847-8476', 'dshiels3i@loc.gov', '2', 'Alpha ', 'img/user1.png', 5),
(128, 4528, 'Terrie Sauven', '2002-11-26', 'Female', '555-628-0884', 'tsauven3j@phpbb.com', '3', 'Beta ', 'img/user1.png', 11),
(129, 4686, 'Ernestus Leipold', '1999-09-17', 'Male', '518-712-3699', 'eleipold3k@dailymotion.com', '2', 'Gamma ', 'img/user1.png', 39),
(130, 4112, 'Nessa Walczak', '2002-10-24', 'Female', '389-523-2828', 'nwalczak3l@tripod.com', '2', 'Theta ', 'img/user1.png', 14),
(131, 4332, 'Bentlee Painswick', '2001-01-11', 'Male', '870-759-2060', 'bpainswick3m@histats.com', '4', 'Alpha ', 'img/user1.png', 31),
(132, 4482, 'Ruby Hoffmann', '2000-12-09', 'Female', '617-826-8970', 'rhoffmann3n@sphinn.com', '1', 'Beta ', 'img/user1.png', 11),
(133, 4618, 'Koo Pluthero', '2001-11-18', 'Female', '651-795-0076', 'kpluthero3o@utexas.edu', '3', 'Gamma ', 'img/user1.png', 5),
(134, 4000, 'Dominique Sebrens', '1999-03-01', 'Female', '186-538-9176', 'dsebrens3p@rakuten.co.jp', '1', 'Theta ', 'img/user1.png', 32),
(135, 4689, 'Ranice Winn', '2000-03-15', 'Female', '873-659-7472', 'rwinn3q@unesco.org', '2', 'Alpha ', 'img/user1.png', 16),
(136, 3943, 'Carmina Boylund', '2002-07-24', 'Female', '677-858-8342', 'cboylund3r@google.pl', '1', 'Beta ', 'img/user1.png', 9),
(137, 4620, 'Sheryl Arne', '1998-09-23', 'Female', '905-367-9757', 'sarne3s@who.int', '3', 'Gamma ', 'img/user1.png', 2),
(138, 3996, 'Bree Rosenboim', '2001-08-16', 'Female', '430-601-5277', 'brosenboim3t@cbsnews.com', '2', 'Theta ', 'img/user1.png', 21),
(139, 4376, 'Alma Teasell', '2000-09-19', 'Female', '804-321-0847', 'ateasell3u@nbcnews.com', '2', 'Alpha ', 'img/user1.png', 15),
(140, 3959, 'Jameson Custed', '1998-03-12', 'Male', '371-466-5164', 'jcusted3v@latimes.com', '2', 'Beta ', 'img/user1.png', 13),
(141, 4012, 'Lucian Yukhnini', '2001-06-10', 'Male', '305-956-8304', 'lyukhnini3w@cpanel.net', '2', 'Gamma ', 'img/user1.png', 4),
(142, 4805, 'Matthiew Oliveira', '1998-06-22', 'Male', '836-158-9055', 'moliveira3x@seesaa.net', '4', 'Theta ', 'img/user1.png', 20),
(143, 3888, 'Christabella Akett', '2003-09-30', 'Female', '867-803-6618', 'cakett3y@delicious.com', '3', 'Alpha ', 'img/user1.png', 17),
(144, 4510, 'Elset Nickoles', '1999-01-14', 'Female', '125-162-5559', 'enickoles3z@studiopress.com', '3', 'Beta ', 'img/user1.png', 21),
(145, 3961, 'Frans Flook', '1998-01-23', 'Male', '809-927-1061', 'fflook40@pinterest.com', '2', 'Gamma ', 'img/user1.png', 5),
(146, 4685, 'Malory Ugo', '1998-02-13', 'Female', '964-620-9645', 'mugo41@dailymail.co.uk', '1', 'Theta ', 'img/user1.png', 19),
(147, 4109, 'Ferne Madgewick', '2003-06-02', 'Female', '697-140-7246', 'fmadgewick42@apache.org', '4', 'Alpha ', 'img/user1.png', 31),
(148, 4081, 'Raychel Devin', '2000-01-17', 'Female', '925-280-0521', 'rdevin43@bbc.co.uk', '4', 'Beta ', 'img/user1.png', 32),
(149, 4471, 'Pip Wooler', '2002-03-25', 'Male', '764-516-6720', 'pwooler44@si.edu', '3', 'Gamma ', 'img/user1.png', 21),
(150, 3981, 'Jenni Crace', '2000-03-16', 'Female', '249-154-4330', 'jcrace45@51.la', '1', 'Theta ', 'img/user1.png', 5),
(151, 3941, 'Teodorico Chipp', '1999-05-14', 'Male', '724-446-4388', 'tchipp46@bloglovin.com', '3', 'Alpha ', 'img/user1.png', 30),
(152, 4528, 'Nesta Kittley', '2002-01-26', 'Female', '719-809-3597', 'nkittley47@intel.com', '3', 'Beta ', 'img/user1.png', 22),
(153, 4083, 'Marcela Felten', '1999-05-17', 'Female', '336-818-6781', 'mfelten48@oakley.com', '4', 'Gamma ', 'img/user1.png', 27),
(154, 4583, 'Judon Itzchaky', '2003-09-22', 'Male', '772-833-8712', 'jitzchaky49@epa.gov', '1', 'Theta ', 'img/user1.png', 21),
(155, 3912, 'Jone Broggini', '1999-03-22', 'Male', '417-487-6618', 'jbroggini4a@engadget.com', '4', 'Alpha ', 'img/user1.png', 29),
(156, 3945, 'Karlotta Week', '2002-05-13', 'Female', '528-265-5376', 'kweek4b@noaa.gov', '4', 'Beta ', 'img/user1.png', 29),
(157, 4303, 'Maddalena Langfitt', '1999-03-31', 'Female', '978-852-0857', 'mlangfitt4c@miitbeian.gov.cn', '3', 'Gamma ', 'img/user1.png', 37),
(158, 4083, 'Ezri Winsom', '2002-02-16', 'Male', '394-765-1805', 'ewinsom4d@comcast.net', '3', 'Theta ', 'img/user1.png', 25),
(159, 4456, 'Mayne McGahey', '2001-07-17', 'Male', '876-977-2034', 'mmcgahey4e@cpanel.net', '2', 'Alpha ', 'img/user1.png', 5),
(160, 3897, 'Arabele Passe', '2002-10-07', 'Female', '179-921-3769', 'apasse4f@cafepress.com', '4', 'Beta ', 'img/user1.png', 40),
(161, 3947, 'Elwood Parcell', '1998-05-28', 'Male', '856-765-3959', 'eparcell4g@discovery.com', '1', 'Gamma ', 'img/user1.png', 30),
(162, 4533, 'Romain Leete', '2003-07-28', 'Male', '959-633-7056', 'rleete4h@umich.edu', '4', 'Theta ', 'img/user1.png', 18),
(163, 3889, 'Catie Crooke', '1999-09-06', 'Female', '697-408-7464', 'ccrooke4i@mozilla.org', '1', 'Alpha ', 'img/user1.png', 6),
(164, 3846, 'Urson Volkers', '1999-08-20', 'Male', '901-235-0349', 'uvolkers4j@samsung.com', '1', 'Beta ', 'img/user1.png', 36),
(165, 3840, 'Merry Deedes', '2002-07-27', 'Male', '284-501-3632', 'mdeedes4k@ustream.tv', '1', 'Gamma ', 'img/user1.png', 10),
(166, 3885, 'Deane Hailwood', '1999-02-21', 'Male', '419-132-9808', 'dhailwood4l@geocities.jp', '1', 'Theta ', 'img/user1.png', 19),
(167, 4154, 'Tandi Drohan', '2003-06-06', 'Female', '613-196-2006', 'tdrohan4m@com.com', '4', 'Alpha ', 'img/user1.png', 25),
(168, 3810, 'Isabeau Dibner', '1998-10-18', 'Female', '624-482-0108', 'idibner4n@java.com', '3', 'Beta ', 'img/user1.png', 13),
(169, 4026, 'Hilary Woloschin', '2003-12-01', 'Male', '528-767-5586', 'hwoloschin4o@canalblog.com', '3', 'Gamma ', 'img/user1.png', 22),
(170, 4284, 'Emylee Dimitru', '2002-01-17', 'Female', '232-726-2055', 'edimitru4p@elegantthemes.com', '1', 'Theta ', 'img/user1.png', 10),
(171, 4231, 'Violette Ormes', '2002-09-04', 'Female', '671-947-8373', 'vormes4q@constantcontact.com', '2', 'Alpha ', 'img/user1.png', 22),
(172, 4137, 'Evyn Walters', '1998-03-29', 'Male', '656-825-7432', 'ewalters4r@archive.org', '4', 'Beta ', 'img/user1.png', 30),
(173, 4376, 'Wendeline Regus', '2000-04-24', 'Female', '456-217-5368', 'wregus4s@seattletimes.com', '3', 'Gamma ', 'img/user1.png', 5),
(174, 4682, 'Willamina Pignon', '2003-05-20', 'Female', '158-586-0321', 'wpignon4t@flavors.me', '3', 'Theta ', 'img/user1.png', 25),
(175, 4295, 'Edwin Rhoddie', '2003-01-19', 'Male', '149-105-1056', 'erhoddie4u@goo.ne.jp', '4', 'Alpha ', 'img/user1.png', 30),
(176, 4182, 'Lion Gauvin', '2000-12-22', 'Male', '429-811-5338', 'lgauvin4v@hexun.com', '2', 'Beta ', 'img/user1.png', 28),
(177, 4240, 'Wilhelm O\'Riordan', '2000-03-10', 'Male', '318-368-2371', 'woriordan4w@multiply.com', '1', 'Gamma ', 'img/user1.png', 1),
(178, 4484, 'Matty Addis', '2003-08-19', 'Male', '270-793-6019', 'maddis4x@sohu.com', '4', 'Theta ', 'img/user1.png', 7),
(179, 3850, 'Bordie Sicily', '2001-08-09', 'Male', '312-458-5745', 'bsicily4y@jugem.jp', '3', 'Alpha ', 'img/user1.png', 37),
(180, 4556, 'Sigismondo Gheraldi', '2003-11-05', 'Male', '698-426-0639', 'sgheraldi4z@nyu.edu', '2', 'Beta ', 'img/user1.png', 1),
(181, 4581, 'Priscella Medhurst', '2000-08-03', 'Female', '156-498-7085', 'pmedhurst50@symantec.com', '2', 'Gamma ', 'img/user1.png', 13),
(182, 3834, 'Leicester Perse', '1999-10-16', 'Male', '507-144-7352', 'lperse51@free.fr', '3', 'Theta ', 'img/user1.png', 6),
(183, 4672, 'Carlin Crosson', '2000-01-24', 'Male', '173-103-4875', 'ccrosson52@cam.ac.uk', '1', 'Alpha ', 'img/user1.png', 34),
(184, 4397, 'Beltran Trevethan', '2003-07-04', 'Male', '515-125-8374', 'btrevethan53@icq.com', '1', 'Beta ', 'img/user1.png', 39),
(185, 4309, 'Daile Stansfield', '1999-09-17', 'Female', '302-368-4184', 'dstansfield54@theatlantic.com', '1', 'Gamma ', 'img/user1.png', 22),
(186, 4680, 'Joachim Graveson', '2003-11-21', 'Male', '411-435-0863', 'jgraveson55@xinhuanet.com', '3', 'Theta ', 'img/user1.png', 2),
(187, 4080, 'Codi Rentcome', '2001-10-21', 'Male', '288-972-4723', 'crentcome56@engadget.com', '4', 'Alpha ', 'img/user1.png', 7),
(188, 4680, 'Jonah Danelutti', '2000-06-21', 'Male', '494-570-0200', 'jdanelutti57@google.pl', '1', 'Beta ', 'img/user1.png', 16),
(189, 4052, 'Maryann Marchand', '2003-04-07', 'Female', '867-480-9000', 'mmarchand58@netvibes.com', '3', 'Gamma ', 'img/user1.png', 33),
(190, 4736, 'La verne Querrard', '2003-09-25', 'Female', '995-589-7814', 'lverne59@wordpress.org', '2', 'Theta ', 'img/user1.png', 7),
(191, 3997, 'Melinde Jorg', '2003-10-11', 'Female', '693-971-8558', 'mjorg5a@instagram.com', '2', 'Alpha ', 'img/user1.png', 9),
(192, 4213, 'Norris Sclanders', '2001-03-25', 'Male', '966-158-2658', 'nsclanders5b@illinois.edu', '4', 'Beta ', 'img/user1.png', 9),
(193, 3946, 'Chandal Beedell', '1998-06-27', 'Female', '341-121-6408', 'cbeedell5c@europa.eu', '1', 'Gamma ', 'img/user1.png', 32),
(194, 3918, 'Ronnica Young', '2004-01-09', 'Female', '118-305-2007', 'ryoung5d@merriam-webster.com', '4', 'Theta ', 'img/user1.png', 28),
(195, 4301, 'Robin Leynton', '1998-01-30', 'Male', '556-285-7843', 'rleynton5e@prweb.com', '4', 'Alpha ', 'img/user1.png', 13),
(196, 4436, 'Page Haye', '1999-05-26', 'Male', '683-381-3392', 'phaye5f@narod.ru', '3', 'Beta ', 'img/user1.png', 11),
(197, 4640, 'Ellene Castelain', '2000-01-15', 'Female', '904-253-3542', 'ecastelain5g@bing.com', '1', 'Gamma ', 'img/user1.png', 30),
(198, 4392, 'Bear Tonge', '2000-01-01', 'Male', '163-280-3437', 'btonge5h@photobucket.com', '4', 'Theta ', 'img/user1.png', 24),
(199, 4465, 'Carolyne Hamper', '2000-06-15', 'Female', '915-254-1754', 'champer5i@telegraph.co.uk', '3', 'Alpha ', 'img/user1.png', 11),
(200, 4035, 'Lari Kenson', '2004-01-06', 'Female', '354-330-1149', 'lkenson5j@skyrock.com', '4', 'Beta ', 'img/user1.png', 6),
(201, 3938, 'Kimbell Jouanny', '1998-12-26', 'Male', '192-866-7467', 'kjouanny5k@jimdo.com', '4', 'Gamma ', 'img/user1.png', 31),
(202, 4673, 'Brandy Randerson', '2001-02-03', 'Male', '669-681-7212', 'branderson5l@hao123.com', '1', 'Theta ', 'img/user1.png', 13),
(203, 4366, 'Hillary Beyn', '2002-07-25', 'Male', '989-359-2602', 'hbeyn5m@imgur.com', '4', 'Alpha ', 'img/user1.png', 30),
(204, 4014, 'Nevins Garretson', '2002-05-31', 'Male', '255-851-2343', 'ngarretson5n@weibo.com', '3', 'Beta ', 'img/user1.png', 38),
(205, 4549, 'Aldous Hardwin', '2002-10-22', 'Male', '653-589-9926', 'ahardwin5o@unicef.org', '1', 'Gamma ', 'img/user1.png', 32),
(206, 4265, 'Helen Gabrieli', '2002-08-23', 'Female', '150-588-6552', 'hgabrieli5p@blogtalkradio.com', '2', 'Theta ', 'img/user1.png', 25),
(207, 4213, 'Fleming Iacobucci', '2003-06-13', 'Male', '551-118-8267', 'fiacobucci5q@smugmug.com', '4', 'Alpha ', 'img/user1.png', 26),
(208, 3997, 'Rutger Coggon', '2002-08-04', 'Male', '838-591-5923', 'rcoggon5r@google.pl', '1', 'Beta ', 'img/user1.png', 12),
(209, 3826, 'Laurent Macauley', '1998-09-16', 'Male', '128-872-8673', 'lmacauley5s@yahoo.co.jp', '4', 'Gamma ', 'img/user1.png', 25),
(210, 4340, 'Patrizia Stanyon', '1999-04-11', 'Female', '204-992-3873', 'pstanyon5t@sourceforge.net', '4', 'Theta ', 'img/user1.png', 10),
(211, 3939, 'Brice Skipper', '2003-12-13', 'Male', '591-948-3998', 'bskipper5u@cnn.com', '3', 'Alpha ', 'img/user1.png', 24),
(212, 4325, 'Sigmund Fritzer', '2001-10-17', 'Male', '695-774-3548', 'sfritzer5v@nationalgeographic.com', '1', 'Beta ', 'img/user1.png', 37),
(213, 4097, 'Alastair Greeve', '2003-12-01', 'Male', '702-147-7174', 'agreeve5w@squidoo.com', '1', 'Gamma ', 'img/user1.png', 8),
(214, 4172, 'Humbert Flook', '2003-06-04', 'Male', '398-144-8841', 'hflook5x@multiply.com', '3', 'Theta ', 'img/user1.png', 10),
(215, 4269, 'Urbain Waison', '2002-02-20', 'Male', '526-227-1228', 'uwaison5y@livejournal.com', '2', 'Alpha ', 'img/user1.png', 33),
(216, 4040, 'Jenica Lavalde', '2003-03-26', 'Female', '352-553-7692', 'jlavalde5z@blog.com', '4', 'Beta ', 'img/user1.png', 9),
(217, 3871, 'Nikola Courtier', '1998-10-10', 'Male', '990-525-9598', 'ncourtier60@princeton.edu', '3', 'Gamma ', 'img/user1.png', 35),
(218, 4078, 'Clyve Enoksson', '2003-09-12', 'Male', '706-879-7730', 'cenoksson61@statcounter.com', '4', 'Theta ', 'img/user1.png', 19),
(219, 4407, 'Linda Ferdinand', '2001-07-16', 'Female', '986-883-6832', 'lferdinand62@noaa.gov', '1', 'Alpha ', 'img/user1.png', 7),
(220, 4803, 'Karna Ludlem', '2000-07-25', 'Female', '179-238-7565', 'kludlem63@sina.com.cn', '4', 'Beta ', 'img/user1.png', 20),
(221, 4061, 'Vonnie Lyffe', '2001-01-31', 'Female', '289-531-3907', 'vlyffe64@nationalgeographic.com', '4', 'Gamma ', 'img/user1.png', 6),
(222, 4294, 'Iver Russo', '2002-07-15', 'Male', '791-622-3905', 'irusso65@tuttocitta.it', '3', 'Theta ', 'img/user1.png', 2),
(223, 4370, 'Elicia Grieves', '2003-07-14', 'Female', '480-768-6023', 'egrieves66@usgs.gov', '3', 'Alpha ', 'img/user1.png', 17),
(224, 4313, 'Karmen Ondrich', '1999-02-23', 'Female', '345-287-1504', 'kondrich67@xinhuanet.com', '4', 'Beta ', 'img/user1.png', 36),
(225, 4655, 'Shannon Ryves', '1999-12-07', 'Female', '713-382-0134', 'sryves68@ftc.gov', '1', 'Gamma ', 'img/user1.png', 26),
(226, 4555, 'Quinlan Ludl', '2002-04-26', 'Male', '645-868-7960', 'qludl69@tinyurl.com', '3', 'Theta ', 'img/user1.png', 15),
(227, 4776, 'Winifield Kuschek', '2001-12-02', 'Male', '842-465-7392', 'wkuschek6a@trellian.com', '2', 'Alpha ', 'img/user1.png', 14),
(228, 4489, 'Avrom Cromly', '2001-02-23', 'Male', '432-599-0834', 'acromly6b@wordpress.com', '4', 'Beta ', 'img/user1.png', 13),
(229, 4302, 'Marylin Stainsby', '1998-07-28', 'Female', '863-343-4956', 'mstainsby6c@nih.gov', '2', 'Gamma ', 'img/user1.png', 7),
(230, 4578, 'Lindon Rapport', '1999-07-07', 'Male', '216-811-9949', 'lrapport6d@naver.com', '2', 'Theta ', 'img/user1.png', 11),
(231, 3832, 'Munmro Lowndes', '1999-05-25', 'Male', '898-839-4916', 'mlowndes6e@patch.com', '3', 'Alpha ', 'img/user1.png', 15),
(232, 4433, 'Kandy McAndie', '2000-08-24', 'Female', '164-663-6977', 'kmcandie6f@shutterfly.com', '3', 'Beta ', 'img/user1.png', 30),
(233, 4462, 'Ashely Canto', '2001-09-26', 'Female', '824-140-6379', 'acanto6g@yale.edu', '3', 'Gamma ', 'img/user1.png', 1),
(234, 4761, 'Gaspar Cossentine', '2001-06-30', 'Male', '846-775-7527', 'gcossentine6h@whitehouse.gov', '1', 'Theta ', 'img/user1.png', 6),
(235, 4567, 'Orland Downham', '2002-05-27', 'Male', '277-912-0336', 'odownham6i@guardian.co.uk', '1', 'Alpha ', 'img/user1.png', 21),
(236, 4036, 'Candace Nolte', '1999-07-23', 'Female', '111-708-1122', 'cnolte6j@usgs.gov', '1', 'Beta ', 'img/user1.png', 32),
(237, 4177, 'Alice Vipan', '1998-09-13', 'Female', '521-397-5941', 'avipan6k@cornell.edu', '2', 'Gamma ', 'img/user1.png', 12),
(238, 4689, 'Dick Prigmore', '2003-12-02', 'Male', '310-276-3033', 'dprigmore6l@multiply.com', '1', 'Theta ', 'img/user1.png', 1),
(239, 3830, 'Mimi Gerretsen', '2001-06-01', 'Female', '966-309-4496', 'mgerretsen6m@census.gov', '4', 'Alpha ', 'img/user1.png', 25),
(240, 4243, 'Hamil Rodrigo', '1998-02-20', 'Male', '860-508-7757', 'hrodrigo6n@issuu.com', '1', 'Beta ', 'img/user1.png', 22),
(241, 4342, 'Pieter Whitehorne', '2003-05-07', 'Male', '577-629-2846', 'pwhitehorne6o@purevolume.com', '4', 'Gamma ', 'img/user1.png', 13),
(242, 4165, 'Ferne Hofer', '2002-06-18', 'Female', '730-517-9118', 'fhofer6p@surveymonkey.com', '2', 'Theta ', 'img/user1.png', 37),
(243, 4313, 'Tadd Gravenall', '2000-02-08', 'Male', '641-346-9785', 'tgravenall6q@forbes.com', '4', 'Alpha ', 'img/user1.png', 39),
(244, 4257, 'Angeline Allderidge', '2000-09-09', 'Female', '575-784-2484', 'aallderidge6r@google.fr', '2', 'Beta ', 'img/user1.png', 19),
(245, 4207, 'Kellyann Salle', '1998-11-21', 'Female', '434-109-1781', 'ksalle6s@newsvine.com', '3', 'Gamma ', 'img/user1.png', 26),
(246, 3907, 'Deane Oiseau', '1998-07-03', 'Female', '876-870-6527', 'doiseau6t@patch.com', '1', 'Theta ', 'img/user1.png', 2),
(247, 4037, 'Shaylyn Wolters', '2000-06-09', 'Female', '673-628-8686', 'swolters6u@technorati.com', '2', 'Alpha ', 'img/user1.png', 38),
(248, 4697, 'Candi Betjeman', '1999-02-16', 'Female', '280-767-7945', 'cbetjeman6v@t.co', '1', 'Beta ', 'img/user1.png', 8),
(249, 4423, 'Marlowe Cushworth', '2002-03-26', 'Male', '593-601-8326', 'mcushworth6w@wsj.com', '3', 'Gamma ', 'img/user1.png', 34),
(250, 4063, 'Ermina Davidoff', '1999-02-12', 'Female', '593-700-2564', 'edavidoff6x@independent.co.uk', '1', 'Theta ', 'img/user1.png', 6),
(251, 4299, 'Andriana Robrow', '2002-10-07', 'Female', '348-523-0113', 'arobrow6y@umn.edu', '4', 'Alpha ', 'img/user1.png', 10),
(252, 4433, 'Gaby Jacox', '2001-08-19', 'Male', '649-256-4921', 'gjacox6z@bloomberg.com', '1', 'Beta ', 'img/user1.png', 28),
(253, 4410, 'Isabel Bellenger', '2000-01-19', 'Female', '905-389-6893', 'ibellenger70@ucsd.edu', '3', 'Gamma ', 'img/user1.png', 30),
(254, 4075, 'Hilliary Swansborough', '1999-11-30', 'Female', '222-164-7870', 'hswansborough71@techcrunch.com', '4', 'Theta ', 'img/user1.png', 8),
(255, 4770, 'Kara Hearsey', '2000-05-19', 'Female', '512-508-9922', 'khearsey72@free.fr', '4', 'Alpha ', 'img/user1.png', 39),
(256, 4024, 'Marijn McCoy', '2002-08-07', 'Male', '460-593-7805', 'mmccoy73@godaddy.com', '4', 'Beta ', 'img/user1.png', 17),
(257, 3866, 'Sissy Lewknor', '2000-07-04', 'Female', '916-447-1712', 'slewknor74@tmall.com', '2', 'Gamma ', 'img/user1.png', 32),
(258, 4178, 'Holli Moncreiff', '1998-12-17', 'Female', '207-448-5348', 'hmoncreiff75@wunderground.com', '1', 'Theta ', 'img/user1.png', 7),
(259, 3864, 'Christi Scotti', '2001-10-07', 'Female', '834-619-1144', 'cscotti76@tuttocitta.it', '4', 'Alpha ', 'img/user1.png', 34),
(260, 4095, 'Sheila Cornner', '1999-09-15', 'Female', '452-358-0124', 'scornner77@vkontakte.ru', '2', 'Beta ', 'img/user1.png', 23),
(261, 3878, 'Ruben Tandey', '2004-01-02', 'Male', '708-467-4067', 'rtandey78@typepad.com', '3', 'Gamma ', 'img/user1.png', 9),
(262, 3957, 'Perri Ashall', '2001-10-05', 'Female', '802-505-9357', 'pashall79@fema.gov', '3', 'Theta ', 'img/user1.png', 23),
(263, 4679, 'Phaedra Bunn', '1999-12-04', 'Female', '590-592-5606', 'pbunn7a@sciencedaily.com', '2', 'Alpha ', 'img/user1.png', 37),
(264, 4603, 'Wayne MacElholm', '1998-09-03', 'Male', '452-652-3962', 'wmacelholm7b@house.gov', '3', 'Beta ', 'img/user1.png', 13),
(265, 4249, 'Corenda Whitehurst', '2003-08-11', 'Female', '750-728-6500', 'cwhitehurst7c@yale.edu', '4', 'Gamma ', 'img/user1.png', 26),
(266, 3928, 'Claudius Beddall', '1998-07-16', 'Male', '826-565-7434', 'cbeddall7d@furl.net', '1', 'Theta ', 'img/user1.png', 15),
(267, 4282, 'Dulcia Chance', '2001-09-29', 'Female', '388-354-6771', 'dchance7e@home.pl', '1', 'Alpha ', 'img/user1.png', 6),
(268, 4195, 'Kippar Mokes', '2003-07-27', 'Male', '629-812-6746', 'kmokes7f@plala.or.jp', '4', 'Beta ', 'img/user1.png', 25),
(269, 4781, 'Tybalt Leefe', '2003-07-09', 'Male', '338-500-9983', 'tleefe7g@reverbnation.com', '3', 'Gamma ', 'img/user1.png', 14),
(270, 3956, 'Janean Goforth', '1999-07-25', 'Female', '460-251-6767', 'jgoforth7h@amazon.co.jp', '3', 'Theta ', 'img/user1.png', 10),
(271, 4764, 'Pepito Fordy', '2003-10-21', 'Male', '413-668-2950', 'pfordy7i@zimbio.com', '3', 'Alpha ', 'img/user1.png', 13),
(272, 4144, 'Luis Crawshaw', '2002-05-27', 'Male', '793-869-4963', 'lcrawshaw7j@wordpress.com', '2', 'Beta ', 'img/user1.png', 34),
(273, 4753, 'Colleen Dudmesh', '2001-02-18', 'Female', '804-109-3533', 'cdudmesh7k@utexas.edu', '1', 'Gamma ', 'img/user1.png', 24),
(274, 3855, 'Christy MacCathay', '1998-05-27', 'Female', '234-692-5904', 'cmaccathay7l@bizjournals.com', '3', 'Theta ', 'img/user1.png', 24),
(275, 4117, 'Juditha Harrell', '2003-12-20', 'Female', '718-190-9415', 'jharrell7m@independent.co.uk', '3', 'Alpha ', 'img/user1.png', 22),
(276, 4550, 'Bree Rennie', '2000-12-28', 'Female', '861-815-2726', 'brennie7n@pen.io', '2', 'Beta ', 'img/user1.png', 6),
(277, 4554, 'Ambur Vernazza', '2003-05-11', 'Female', '694-370-2069', 'avernazza7o@google.co.uk', '4', 'Gamma ', 'img/user1.png', 25),
(278, 3960, 'Merv Scawton', '1999-06-08', 'Male', '968-912-8787', 'mscawton7p@etsy.com', '1', 'Theta ', 'img/user1.png', 25),
(279, 4205, 'Marillin Milan', '2002-12-04', 'Female', '350-981-2662', 'mmilan7q@unesco.org', '2', 'Alpha ', 'img/user1.png', 8),
(280, 4756, 'Jaquenetta Learmonth', '2000-11-23', 'Female', '642-741-3088', 'jlearmonth7r@ibm.com', '3', 'Beta ', 'img/user1.png', 15),
(281, 4331, 'Joanna Szimon', '2000-01-01', 'Female', '713-829-7890', 'jszimon7s@sakura.ne.jp', '2', 'Gamma ', 'img/user1.png', 3),
(282, 4072, 'Cobb Schulze', '2002-07-16', 'Male', '337-610-6602', 'cschulze7t@amazon.co.jp', '2', 'Theta ', 'img/user1.png', 24),
(283, 4436, 'Augy Battman', '1998-04-25', 'Male', '521-923-7174', 'abattman7u@imgur.com', '1', 'Alpha ', 'img/user1.png', 8),
(284, 3877, 'Madge Pavett', '1998-03-17', 'Female', '856-185-3285', 'mpavett7v@webeden.co.uk', '3', 'Beta ', 'img/user1.png', 32),
(285, 3892, 'Bartlett Boake', '2003-03-01', 'Male', '247-441-7368', 'bboake7w@ameblo.jp', '1', 'Gamma ', 'img/user1.png', 36),
(286, 4244, 'Wren McKean', '2001-04-04', 'Female', '472-705-7121', 'wmckean7x@aboutads.info', '1', 'Theta ', 'img/user1.png', 37),
(287, 4315, 'Dorree Haslegrave', '2000-07-17', 'Female', '724-495-8437', 'dhaslegrave7y@flickr.com', '1', 'Alpha ', 'img/user1.png', 6),
(288, 4772, 'Chalmers Bartod', '2002-01-10', 'Male', '636-152-5462', 'cbartod7z@wired.com', '2', 'Beta ', 'img/user1.png', 24),
(289, 3870, 'Gifford Tharme', '1998-07-21', 'Male', '273-795-2357', 'gtharme80@usatoday.com', '4', 'Gamma ', 'img/user1.png', 6),
(290, 4209, 'Orel Balmadier', '2000-05-27', 'Female', '165-779-6863', 'obalmadier81@twitter.com', '2', 'Theta ', 'img/user1.png', 18),
(291, 4214, 'Bernardo Tussaine', '1998-06-21', 'Male', '915-876-0029', 'btussaine82@shop-pro.jp', '3', 'Alpha ', 'img/user1.png', 38),
(292, 4745, 'Orville Lazonby', '2000-07-07', 'Male', '141-695-4297', 'olazonby83@blogs.com', '1', 'Beta ', 'img/user1.png', 16),
(293, 4257, 'Allx Ferfulle', '2002-02-13', 'Female', '258-450-8879', 'aferfulle84@ezinearticles.com', '4', 'Gamma ', 'img/user1.png', 27),
(294, 3899, 'Solomon Luberti', '1998-08-18', 'Male', '786-323-1735', 'sluberti85@hhs.gov', '3', 'Theta ', 'img/user1.png', 30),
(295, 3842, 'Ambrosius Coling', '2001-06-01', 'Male', '739-146-0844', 'acoling86@fastcompany.com', '4', 'Alpha ', 'img/user1.png', 25),
(296, 4284, 'Joeann Oleksinski', '2001-08-16', 'Female', '182-104-1630', 'joleksinski87@zimbio.com', '1', 'Beta ', 'img/user1.png', 5),
(297, 4808, 'Devlen Palumbo', '1999-10-31', 'Male', '848-575-8008', 'dpalumbo88@nationalgeographic.com', '1', 'Gamma ', 'img/user1.png', 20),
(298, 3943, 'Poul Fuzzard', '2001-11-18', 'Male', '339-435-6470', 'pfuzzard89@jugem.jp', '1', 'Theta ', 'img/user1.png', 33),
(299, 4541, 'Taddeusz Clingoe', '1998-04-22', 'Male', '312-483-4753', 'tclingoe8a@typepad.com', '2', 'Alpha ', 'img/user1.png', 22),
(300, 4365, 'Edy Rittmeyer', '2002-08-07', 'Female', '469-946-1697', 'erittmeyer8b@t.co', '3', 'Beta ', 'img/user1.png', 2),
(301, 3988, 'Anna-diane Skippen', '2003-06-13', 'Female', '432-386-4879', 'askippen8c@icq.com', '2', 'Gamma ', 'img/user1.png', 30),
(302, 4569, 'Wendie Burgum', '2003-07-01', 'Female', '112-752-3274', 'wburgum8d@virginia.edu', '3', 'Theta ', 'img/user1.png', 9),
(303, 4200, 'Kristien Ruppelin', '1998-08-29', 'Female', '534-843-6185', 'kruppelin8e@sitemeter.com', '2', 'Alpha ', 'img/user1.png', 27),
(304, 4081, 'Wandis Gatecliffe', '1998-11-06', 'Female', '225-230-2842', 'wgatecliffe8f@ocn.ne.jp', '3', 'Beta ', 'img/user1.png', 16),
(305, 4083, 'Mirna Huston', '1999-08-23', 'Female', '566-234-6669', 'mhuston8g@51.la', '1', 'Gamma ', 'img/user1.png', 4),
(306, 4588, 'Diena Artist', '2001-10-01', 'Female', '305-188-0681', 'dartist8h@cornell.edu', '4', 'Theta ', 'img/user1.png', 18),
(307, 4433, 'Xerxes Stocker', '1998-05-26', 'Male', '924-674-1861', 'xstocker8i@wordpress.com', '3', 'Alpha ', 'img/user1.png', 28),
(308, 4164, 'Malchy Simonite', '1999-02-10', 'Male', '823-256-5705', 'msimonite8j@icq.com', '3', 'Beta ', 'img/user1.png', 9),
(309, 4386, 'Jud Banes', '2003-02-16', 'Male', '768-722-4585', 'jbanes8k@cbslocal.com', '4', 'Gamma ', 'img/user1.png', 2),
(310, 4297, 'Ema Chill', '2002-11-10', 'Female', '755-787-3302', 'echill8l@hibu.com', '4', 'Theta ', 'img/user1.png', 39),
(311, 4599, 'Cecily Masters', '1998-01-18', 'Female', '970-673-9757', 'cmasters8m@businessweek.com', '2', 'Alpha ', 'img/user1.png', 22),
(312, 3903, 'Constantine Braid', '2002-10-19', 'Male', '926-978-5612', 'cbraid8n@cpanel.net', '1', 'Beta ', 'img/user1.png', 27),
(313, 4503, 'Sayre Pickerin', '2002-02-02', 'Male', '608-477-6973', 'spickerin8o@oracle.com', '3', 'Gamma ', 'img/user1.png', 38),
(314, 4170, 'Davey Eastmead', '1998-06-29', 'Male', '204-630-6906', 'deastmead8p@disqus.com', '2', 'Theta ', 'img/user1.png', 40),
(315, 4209, 'Rivkah Pidler', '2001-04-23', 'Female', '250-370-8291', 'rpidler8q@archive.org', '3', 'Alpha ', 'img/user1.png', 40),
(316, 4578, 'Lisabeth Sparshatt', '2002-11-06', 'Female', '437-942-7924', 'lsparshatt8r@home.pl', '1', 'Beta ', 'img/user1.png', 24),
(317, 4425, 'Thea Toon', '2002-08-03', 'Female', '154-616-9482', 'ttoon8s@amazon.co.uk', '1', 'Gamma ', 'img/user1.png', 33),
(318, 4454, 'Dawna Findlay', '2003-02-22', 'Female', '102-976-6674', 'dfindlay8t@fema.gov', '3', 'Theta ', 'img/user1.png', 19),
(319, 4533, 'Cathryn Devanny', '1999-01-17', 'Female', '314-766-0497', 'cdevanny8u@mashable.com', '2', 'Alpha ', 'img/user1.png', 7),
(320, 4748, 'Shermy Albon', '2001-05-12', 'Male', '736-250-3204', 'salbon8v@goo.gl', '2', 'Beta ', 'img/user1.png', 26),
(321, 4302, 'Ezra Gyrgorcewicx', '2000-06-08', 'Male', '266-998-1571', 'egyrgorcewicx8w@toplist.cz', '1', 'Gamma ', 'img/user1.png', 21),
(322, 4199, 'Shandra Dewsbury', '1998-09-02', 'Female', '960-532-7841', 'sdewsbury8x@mediafire.com', '3', 'Theta ', 'img/user1.png', 12),
(323, 4328, 'Kerry Giacomozzo', '2003-01-24', 'Male', '639-950-3938', 'kgiacomozzo8y@businessinsider.com', '4', 'Alpha ', 'img/user1.png', 13),
(324, 4266, 'Virgie Sherringham', '2003-04-18', 'Male', '634-551-3102', 'vsherringham8z@spotify.com', '3', 'Beta ', 'img/user1.png', 1),
(325, 4052, 'Giana Lamb', '2001-06-23', 'Female', '239-932-8234', 'glamb90@opensource.org', '4', 'Gamma ', 'img/user1.png', 23),
(326, 4793, 'Gregorius Chichgar', '1998-06-29', 'Male', '800-987-1719', 'gchichgar91@bizjournals.com', '4', 'Theta ', 'img/user1.png', 28),
(327, 4306, 'Deane Vaar', '2000-01-09', 'Male', '992-102-6910', 'dvaar92@slideshare.net', '3', 'Alpha ', 'img/user1.png', 26),
(328, 4740, 'Beitris Lodford', '2001-05-12', 'Female', '682-994-6363', 'blodford93@tripadvisor.com', '4', 'Beta ', 'img/user1.png', 11),
(329, 3895, 'Garth Giraux', '2000-03-10', 'Male', '987-758-7663', 'ggiraux94@ft.com', '1', 'Gamma ', 'img/user1.png', 10),
(330, 3966, 'Amii Petche', '2000-10-14', 'Female', '849-924-7929', 'apetche95@businessweek.com', '4', 'Theta ', 'img/user1.png', 16),
(331, 4285, 'Gwen Laphorn', '1999-05-23', 'Female', '997-194-6892', 'glaphorn96@networkadvertising.org', '2', 'Alpha ', 'img/user1.png', 6),
(332, 4488, 'Baudoin Labrow', '1999-12-05', 'Male', '601-612-2443', 'blabrow97@free.fr', '1', 'Beta ', 'img/user1.png', 21),
(333, 3852, 'Margaret Antao', '1998-09-30', 'Female', '144-767-5567', 'mantao98@amazon.co.jp', '1', 'Gamma ', 'img/user1.png', 15),
(334, 4557, 'Alonso Collcott', '1999-03-22', 'Male', '306-917-2779', 'acollcott99@cnet.com', '2', 'Theta ', 'img/user1.png', 11),
(335, 4747, 'Kelsi Bodocs', '1998-06-21', 'Female', '559-118-2480', 'kbodocs9a@hexun.com', '2', 'Alpha ', 'img/user1.png', 36),
(336, 4071, 'Goddart Royden', '2002-11-11', 'Male', '777-754-1926', 'groyden9b@cnet.com', '4', 'Beta ', 'img/user1.png', 15),
(337, 4225, 'Perry Belliard', '1998-07-27', 'Female', '859-286-9113', 'pbelliard9c@jimdo.com', '4', 'Gamma ', 'img/user1.png', 21),
(338, 4644, 'Shel Hynes', '1999-11-13', 'Female', '311-776-2031', 'shynes9d@house.gov', '2', 'Theta ', 'img/user1.png', 35),
(339, 4461, 'Adelaida Tremolieres', '2002-02-13', 'Female', '409-418-4281', 'atremolieres9e@yale.edu', '4', 'Alpha ', 'img/user1.png', 5),
(340, 4119, 'Kev Avrasin', '2000-09-10', 'Male', '548-825-0866', 'kavrasin9f@foxnews.com', '1', 'Beta ', 'img/user1.png', 26),
(341, 4141, 'Sheryl Banbrick', '1999-12-22', 'Female', '958-599-0389', 'sbanbrick9g@google.co.uk', '4', 'Gamma ', 'img/user1.png', 40),
(342, 4417, 'Dusty Jendrys', '1998-05-21', 'Female', '841-486-8939', 'djendrys9h@cnbc.com', '4', 'Theta ', 'img/user1.png', 32),
(343, 4473, 'Libbey Seyffert', '2002-10-20', 'Female', '449-672-1189', 'lseyffert9i@nationalgeographic.com', '4', 'Alpha ', 'img/user1.png', 1),
(344, 4365, 'Vevay Brobak', '1999-12-08', 'Female', '578-180-6446', 'vbrobak9j@nasa.gov', '2', 'Beta ', 'img/user1.png', 23),
(345, 4550, 'Natty Rown', '2003-01-01', 'Male', '318-816-0465', 'nrown9k@jimdo.com', '2', 'Gamma ', 'img/user1.png', 38),
(346, 3872, 'Lianna Grayne', '2003-12-08', 'Female', '760-927-3302', 'lgrayne9l@google.de', '3', 'Theta ', 'img/user1.png', 22),
(347, 4659, 'Normand Lamperti', '2003-11-24', 'Male', '642-503-4394', 'nlamperti9m@goo.gl', '2', 'Alpha ', 'img/user1.png', 29),
(348, 4246, 'Marlin Favill', '1999-11-05', 'Male', '215-942-3193', 'mfavill9n@jimdo.com', '3', 'Beta ', 'img/user1.png', 32),
(349, 3867, 'Sheffy Fickling', '2002-02-07', 'Male', '894-631-0610', 'sfickling9o@macromedia.com', '2', 'Gamma ', 'img/user1.png', 37),
(350, 4496, 'Augustine Ferrarini', '2001-09-24', 'Female', '834-595-7515', 'aferrarini9p@deviantart.com', '1', 'Theta ', 'img/user1.png', 38),
(351, 4188, 'Ritchie Bergin', '2001-05-03', 'Male', '639-873-5665', 'rbergin9q@who.int', '1', 'Alpha ', 'img/user1.png', 33),
(352, 4371, 'Serge Stonebridge', '2002-01-26', 'Male', '970-343-1011', 'sstonebridge9r@shareasale.com', '4', 'Beta ', 'img/user1.png', 18),
(353, 4504, 'Bernelle Simnett', '2003-11-03', 'Female', '375-468-4789', 'bsimnett9s@cdbaby.com', '2', 'Gamma ', 'img/user1.png', 5),
(354, 4115, 'Gareth Pearde', '1998-02-05', 'Male', '152-569-5247', 'gpearde9t@booking.com', '3', 'Theta ', 'img/user1.png', 28),
(355, 4527, 'Cobby Cino', '2002-07-07', 'Male', '909-331-3033', 'ccino9u@shareasale.com', '2', 'Alpha ', 'img/user1.png', 12),
(356, 3865, 'Jarrad Habens', '2001-06-01', 'Male', '404-102-7507', 'jhabens9v@blogger.com', '2', 'Beta ', 'img/user1.png', 9),
(357, 4610, 'Sib Spinage', '2002-05-17', 'Female', '714-357-8158', 'sspinage9w@mail.ru', '3', 'Gamma ', 'img/user1.png', 40),
(358, 4475, 'Jobina Oldred', '2003-10-31', 'Female', '300-706-3314', 'joldred9x@ucla.edu', '3', 'Theta ', 'img/user1.png', 20),
(359, 4273, 'Bale Wrightam', '1999-02-12', 'Male', '388-662-7194', 'bwrightam9y@youtu.be', '1', 'Alpha ', 'img/user1.png', 26),
(360, 4182, 'Alejandro Figgess', '2000-07-08', 'Male', '665-628-3069', 'afiggess9z@hostgator.com', '2', 'Beta ', 'img/user1.png', 15),
(361, 4026, 'Desiri Dollen', '1998-02-02', 'Female', '323-249-4295', 'ddollena0@pinterest.com', '4', 'Gamma ', 'img/user1.png', 16),
(362, 4777, 'Alwin Thunderman', '2000-02-24', 'Male', '852-413-5121', 'athundermana1@epa.gov', '2', 'Theta ', 'img/user1.png', 15),
(363, 3845, 'Olvan Hynard', '2003-03-06', 'Male', '143-380-0961', 'ohynarda2@dailymotion.com', '1', 'Alpha ', 'img/user1.png', 26),
(364, 4088, 'Erasmus Battrum', '2002-02-07', 'Male', '954-617-2634', 'ebattruma3@gizmodo.com', '2', 'Beta ', 'img/user1.png', 23),
(365, 4729, 'Allis Crummie', '2002-05-30', 'Female', '751-263-0532', 'acrummiea4@who.int', '3', 'Gamma ', 'img/user1.png', 31),
(366, 4065, 'Lorin Itzcovich', '2001-06-28', 'Male', '662-987-0976', 'litzcovicha5@phoca.cz', '4', 'Theta ', 'img/user1.png', 40),
(367, 4285, 'Nell Whittick', '2001-09-04', 'Female', '915-667-3050', 'nwhitticka6@feedburner.com', '4', 'Alpha ', 'img/user1.png', 30),
(368, 4673, 'Denys Klejin', '2003-06-03', 'Female', '786-811-2681', 'dklejina7@answers.com', '4', 'Beta ', 'img/user1.png', 15),
(369, 4406, 'Constanta Erwin', '1999-07-07', 'Female', '343-511-0658', 'cerwina8@fc2.com', '2', 'Gamma ', 'img/user1.png', 21),
(370, 4422, 'Binnie Richings', '1998-12-03', 'Female', '913-944-9688', 'brichingsa9@list-manage.com', '4', 'Theta ', 'img/user1.png', 18),
(371, 4001, 'Cirstoforo Biffen', '2000-02-29', 'Male', '851-553-0647', 'cbiffenaa@tinypic.com', '4', 'Alpha ', 'img/user1.png', 23),
(372, 3817, 'Tadio Chaperlin', '2000-03-08', 'Male', '445-397-5818', 'tchaperlinab@dedecms.com', '2', 'Beta ', 'img/user1.png', 22),
(373, 4418, 'Stephine Sousa', '2002-09-28', 'Female', '516-852-2101', 'ssousaac@usa.gov', '1', 'Gamma ', 'img/user1.png', 2),
(374, 4522, 'Hermon Toffts', '1998-04-20', 'Male', '558-578-7878', 'htofftsad@odnoklassniki.ru', '2', 'Theta ', 'img/user1.png', 7),
(375, 4249, 'Boniface Midlar', '2002-12-28', 'Male', '694-780-9804', 'bmidlarae@java.com', '2', 'Alpha ', 'img/user1.png', 9),
(376, 4293, 'Walther Brideaux', '1999-06-05', 'Male', '117-991-3250', 'wbrideauxaf@earthlink.net', '4', 'Beta ', 'img/user1.png', 32),
(377, 3930, 'Ella Shields', '1998-02-11', 'Female', '906-503-1962', 'eshieldsag@ocn.ne.jp', '1', 'Gamma ', 'img/user1.png', 15),
(378, 4628, 'Cathlene Fray', '2002-03-06', 'Female', '692-735-8386', 'cfrayah@independent.co.uk', '1', 'Theta ', 'img/user1.png', 17),
(379, 4030, 'Anastasia Kenchington', '2002-01-10', 'Female', '896-366-2509', 'akenchingtonai@washingtonpost.com', '4', 'Alpha ', 'img/user1.png', 36),
(380, 4543, 'Calvin Mouland', '1998-12-16', 'Male', '716-635-7525', 'cmoulandaj@usnews.com', '3', 'Beta ', 'img/user1.png', 36),
(381, 4045, 'Jdavie Lympenie', '2003-10-09', 'Male', '239-920-0736', 'jlympenieak@seattletimes.com', '4', 'Gamma ', 'img/user1.png', 35),
(382, 3845, 'Darcey Farquharson', '2002-05-24', 'Female', '546-547-1828', 'dfarquharsonal@deliciousdays.com', '1', 'Theta ', 'img/user1.png', 15),
(383, 4048, 'Loretta Follett', '2003-09-25', 'Female', '359-603-3937', 'lfollettam@dion.ne.jp', '1', 'Alpha ', 'img/user1.png', 33),
(384, 4084, 'Isidora Shapter', '2003-12-07', 'Female', '659-384-2234', 'ishapteran@un.org', '1', 'Beta ', 'img/user1.png', 34),
(385, 4187, 'Fax Heavens', '1999-03-16', 'Male', '304-372-9245', 'fheavensao@mozilla.com', '1', 'Gamma ', 'img/user1.png', 23),
(386, 3918, 'Devora Holley', '1998-05-29', 'Female', '989-387-1333', 'dholleyap@digg.com', '1', 'Theta ', 'img/user1.png', 9);
INSERT INTO `student` (`aid`, `adm_no`, `sname`, `dob`, `gender`, `telephone`, `mail`, `form`, `stream`, `image`, `tid`) VALUES
(387, 4028, 'Roxanne Raffin', '2000-07-25', 'Female', '180-652-7971', 'rraffinaq@addthis.com', '3', 'Alpha ', 'img/user1.png', 28),
(388, 3968, 'Ulrick Akitt', '2002-09-29', 'Male', '598-495-7056', 'uakittar@furl.net', '4', 'Beta ', 'img/user1.png', 28),
(389, 4108, 'Marion Cargon', '2002-08-01', 'Male', '132-199-9754', 'mcargonas@zdnet.com', '1', 'Gamma ', 'img/user1.png', 26),
(390, 3910, 'Euphemia Noraway', '2000-02-25', 'Female', '969-984-3959', 'enorawayat@1688.com', '3', 'Theta ', 'img/user1.png', 35),
(391, 4069, 'Wittie Warn', '2000-08-31', 'Male', '563-630-5753', 'wwarnau@va.gov', '4', 'Alpha ', 'img/user1.png', 13),
(392, 4789, 'Adolpho Durrad', '1999-05-12', 'Male', '950-963-5127', 'adurradav@exblog.jp', '1', 'Beta ', 'img/user1.png', 1),
(393, 3885, 'Christie Berney', '1998-10-11', 'Male', '556-257-2933', 'cberneyaw@naver.com', '3', 'Gamma ', 'img/user1.png', 37),
(394, 4711, 'Valenka Gonzalvo', '1999-10-01', 'Female', '555-130-2657', 'vgonzalvoax@themeforest.net', '1', 'Theta ', 'img/user1.png', 17),
(395, 4453, 'Jacynth Ida', '2002-06-18', 'Female', '788-610-4907', 'jidaay@slideshare.net', '3', 'Alpha ', 'img/user1.png', 1),
(396, 4741, 'Rudy Webberley', '2000-07-31', 'Male', '650-678-5857', 'rwebberleyaz@bloglines.com', '1', 'Beta ', 'img/user1.png', 10),
(397, 4393, 'Boothe Kegan', '2002-05-09', 'Male', '697-368-0168', 'bkeganb0@ocn.ne.jp', '2', 'Gamma ', 'img/user1.png', 30),
(398, 4538, 'Penn Blizard', '2003-05-02', 'Male', '476-146-5491', 'pblizardb1@indiatimes.com', '1', 'Theta ', 'img/user1.png', 29),
(399, 4064, 'Erek Vaneschi', '2000-07-30', 'Male', '394-250-1890', 'evaneschib2@cornell.edu', '3', 'Alpha ', 'img/user1.png', 21),
(400, 4244, 'Cesaro Stangroom', '2001-07-04', 'Male', '200-130-8980', 'cstangroomb3@comsenz.com', '1', 'Beta ', 'img/user1.png', 29),
(401, 4179, 'Rana Gosland', '2002-10-21', 'Female', '117-445-9750', 'rgoslandb4@1688.com', '1', 'Gamma ', 'img/user1.png', 1),
(402, 4780, 'Fulvia Conklin', '2000-12-23', 'Female', '720-739-1462', 'fconklinb5@senate.gov', '2', 'Theta ', 'img/user1.png', 4),
(403, 4759, 'Annamaria Bilfoot', '2001-05-23', 'Female', '401-442-8444', 'abilfootb6@acquirethisname.com', '4', 'Alpha ', 'img/user1.png', 20),
(404, 4325, 'Roland Wyles', '1998-08-15', 'Male', '502-482-9023', 'rwylesb7@wordpress.com', '1', 'Beta ', 'img/user1.png', 32),
(405, 4618, 'Saunderson Spadoni', '2003-12-24', 'Male', '118-746-7318', 'sspadonib8@topsy.com', '4', 'Gamma ', 'img/user1.png', 15),
(406, 4053, 'Mollie Mungin', '2001-05-02', 'Female', '127-902-1447', 'mmunginb9@examiner.com', '4', 'Theta ', 'img/user1.png', 12),
(407, 4741, 'Ronald Flatte', '1998-04-15', 'Male', '423-557-8960', 'rflatteba@cpanel.net', '2', 'Alpha ', 'img/user1.png', 30),
(408, 4709, 'Leticia Haffard', '2003-05-16', 'Female', '251-467-2894', 'lhaffardbb@opera.com', '4', 'Beta ', 'img/user1.png', 22),
(409, 4546, 'Fabien Enser', '1998-11-30', 'Male', '834-580-1707', 'fenserbc@psu.edu', '1', 'Gamma ', 'img/user1.png', 29),
(410, 4243, 'Elberta Flaune', '1999-09-10', 'Female', '101-899-9691', 'eflaunebd@craigslist.org', '3', 'Theta ', 'img/user1.png', 18),
(411, 4037, 'Sarine Orrill', '2001-03-18', 'Female', '743-678-7696', 'sorrillbe@posterous.com', '2', 'Alpha ', 'img/user1.png', 37),
(412, 3980, 'Malina Oliva', '1998-01-21', 'Female', '198-666-5233', 'molivabf@cbc.ca', '1', 'Beta ', 'img/user1.png', 10),
(413, 3837, 'Broderic Casarino', '2000-07-29', 'Male', '667-867-1517', 'bcasarinobg@nba.com', '3', 'Gamma ', 'img/user1.png', 19),
(414, 4544, 'Lorettalorna Heppner', '2002-10-24', 'Female', '107-263-0406', 'lheppnerbh@opensource.org', '2', 'Theta ', 'img/user1.png', 24),
(415, 4622, 'Ray Jeannesson', '2001-03-23', 'Male', '841-377-3496', 'rjeannessonbi@reference.com', '3', 'Alpha ', 'img/user1.png', 5),
(416, 4383, 'Kinsley Bicknell', '2001-09-01', 'Male', '215-625-1744', 'kbicknellbj@amazon.co.jp', '3', 'Beta ', 'img/user1.png', 7),
(417, 4031, 'Stinky Phuprate', '2001-05-27', 'Male', '352-295-2407', 'sphupratebk@ftc.gov', '3', 'Gamma ', 'img/user1.png', 4),
(418, 4002, 'Audi Pettyfer', '2003-08-02', 'Female', '688-537-2598', 'apettyferbl@sciencedaily.com', '3', 'Theta ', 'img/user1.png', 24),
(419, 4674, 'Tammi Cissen', '1999-03-06', 'Female', '602-964-3795', 'tcissenbm@disqus.com', '4', 'Alpha ', 'img/user1.png', 24),
(420, 4107, 'Dorthy Gasticke', '2001-02-25', 'Female', '914-903-9516', 'dgastickebn@freewebs.com', '3', 'Beta ', 'img/user1.png', 8),
(421, 4077, 'Gregorio Newham', '2003-12-21', 'Male', '688-207-3537', 'gnewhambo@disqus.com', '3', 'Gamma ', 'img/user1.png', 38),
(422, 4321, 'Holden Siney', '2000-10-29', 'Male', '272-937-6879', 'hsineybp@google.co.uk', '4', 'Theta ', 'img/user1.png', 11),
(423, 4774, 'Tally Wickstead', '2000-11-25', 'Female', '883-685-7273', 'twicksteadbq@hp.com', '3', 'Alpha ', 'img/user1.png', 21),
(424, 4061, 'Koo Niles', '2000-08-30', 'Female', '241-568-6134', 'knilesbr@sphinn.com', '4', 'Beta ', 'img/user1.png', 30),
(425, 3926, 'Hayes Burnyate', '1998-04-09', 'Male', '484-138-5391', 'hburnyatebs@examiner.com', '2', 'Gamma ', 'img/user1.png', 24),
(426, 4582, 'Mortie Buckthorpe', '2000-09-20', 'Male', '383-147-8055', 'mbuckthorpebt@ibm.com', '2', 'Theta ', 'img/user1.png', 30),
(427, 4146, 'Berni Bilbey', '2000-06-03', 'Female', '176-135-7492', 'bbilbeybu@deviantart.com', '3', 'Alpha ', 'img/user1.png', 12),
(428, 3939, 'Wilow Andrini', '2004-01-09', 'Female', '132-159-3036', 'wandrinibv@4shared.com', '3', 'Beta ', 'img/user1.png', 30),
(429, 4115, 'Cloe Knight', '2003-04-22', 'Female', '598-647-4766', 'cknightbw@netlog.com', '4', 'Gamma ', 'img/user1.png', 25),
(430, 4508, 'Sara Slucock', '1999-01-15', 'Female', '132-975-0451', 'sslucockbx@tinyurl.com', '3', 'Theta ', 'img/user1.png', 32),
(431, 4052, 'Bliss Clayworth', '2000-03-07', 'Female', '148-842-4398', 'bclayworthby@twitter.com', '1', 'Alpha ', 'img/user1.png', 14),
(432, 3881, 'Homer Coward', '1999-10-18', 'Male', '943-762-1184', 'hcowardbz@shareasale.com', '4', 'Beta ', 'img/user1.png', 37),
(433, 4410, 'Manny Mayhew', '2001-03-25', 'Male', '857-208-0418', 'mmayhewc0@mediafire.com', '4', 'Gamma ', 'img/user1.png', 21),
(434, 4030, 'Berk Gillford', '2001-11-08', 'Male', '733-988-7919', 'bgillfordc1@springer.com', '2', 'Theta ', 'img/user1.png', 28),
(435, 3935, 'Hortensia Cawker', '2001-03-08', 'Female', '444-875-5281', 'hcawkerc2@amazon.de', '3', 'Alpha ', 'img/user1.png', 7),
(436, 4200, 'Barnebas Cussons', '2003-12-10', 'Male', '118-400-2819', 'bcussonsc3@cbc.ca', '3', 'Beta ', 'img/user1.png', 13),
(437, 4210, 'Darbee Boorne', '1999-03-16', 'Male', '361-896-4074', 'dboornec4@imdb.com', '3', 'Gamma ', 'img/user1.png', 24),
(438, 3885, 'Karna Abrahmer', '2001-06-30', 'Female', '621-283-3989', 'kabrahmerc5@infoseek.co.jp', '1', 'Theta ', 'img/user1.png', 37),
(439, 4712, 'Barthel Leyband', '2002-07-24', 'Male', '468-451-7212', 'bleybandc6@ifeng.com', '3', 'Alpha ', 'img/user1.png', 31),
(440, 3968, 'Virginie Donati', '2000-05-15', 'Female', '301-292-2716', 'vdonatic7@timesonline.co.uk', '1', 'Beta ', 'img/user1.png', 8),
(441, 3952, 'Oralla Gebbe', '2002-01-11', 'Female', '864-308-2868', 'ogebbec8@tripod.com', '1', 'Gamma ', 'img/user1.png', 16),
(442, 4766, 'Dewain Badham', '1998-04-22', 'Male', '277-899-9481', 'dbadhamc9@microsoft.com', '3', 'Theta ', 'img/user1.png', 12),
(443, 4606, 'Helsa Schultes', '2000-06-28', 'Female', '248-164-1519', 'hschultesca@wordpress.org', '3', 'Alpha ', 'img/user1.png', 37),
(444, 3849, 'Cordy Lysaght', '2003-03-21', 'Female', '927-489-0347', 'clysaghtcb@samsung.com', '4', 'Beta ', 'img/user1.png', 7),
(445, 3908, 'Tucker Lau', '2003-10-17', 'Male', '115-294-8264', 'tlaucc@smh.com.au', '1', 'Gamma ', 'img/user1.png', 13),
(446, 4274, 'Kevina Roset', '2000-11-25', 'Female', '852-885-8044', 'krosetcd@chicagotribune.com', '4', 'Theta ', 'img/user1.png', 30),
(447, 3941, 'Adelice Baude', '2003-10-22', 'Female', '549-707-1668', 'abaudece@addthis.com', '2', 'Alpha ', 'img/user1.png', 39),
(448, 3833, 'Lilias Sisneros', '2000-02-09', 'Female', '516-612-6289', 'lsisneroscf@telegraph.co.uk', '1', 'Beta ', 'img/user1.png', 36),
(449, 3905, 'Mikkel Mattheissen', '1998-02-23', 'Male', '663-229-8254', 'mmattheissencg@youku.com', '1', 'Gamma ', 'img/user1.png', 36),
(450, 4323, 'Bradney D\'Costa', '1999-11-19', 'Male', '936-954-7940', 'bdcostach@ask.com', '1', 'Theta ', 'img/user1.png', 3),
(451, 4719, 'Lion Fozzard', '2000-01-09', 'Male', '241-853-4754', 'lfozzardci@illinois.edu', '1', 'Alpha ', 'img/user1.png', 36),
(452, 4620, 'Rudolfo Mellanby', '2000-10-09', 'Male', '921-659-3843', 'rmellanbycj@w3.org', '4', 'Beta ', 'img/user1.png', 7),
(453, 3921, 'Chandler Genner', '2003-01-03', 'Male', '600-764-9939', 'cgennerck@army.mil', '2', 'Gamma ', 'img/user1.png', 2),
(454, 4103, 'Immanuel Slayny', '2001-12-21', 'Male', '968-385-8143', 'islaynycl@aol.com', '4', 'Theta ', 'img/user1.png', 40),
(455, 4599, 'Eleen Schult', '2003-07-08', 'Female', '753-959-8112', 'eschultcm@alibaba.com', '1', 'Alpha ', 'img/user1.png', 1),
(456, 4708, 'Rhodia Cabell', '1998-09-29', 'Female', '153-791-2982', 'rcabellcn@amazon.co.uk', '3', 'Beta ', 'img/user1.png', 39),
(457, 4617, 'Charlotte Dudman', '2003-07-15', 'Female', '602-331-9661', 'cdudmanco@irs.gov', '3', 'Gamma ', 'img/user1.png', 17),
(458, 4782, 'Franchot McLaughlan', '2002-12-22', 'Male', '426-698-9033', 'fmclaughlancp@4shared.com', '1', 'Theta ', 'img/user1.png', 21),
(459, 4464, 'Hoebart Hadwen', '1999-07-04', 'Male', '260-548-9900', 'hhadwencq@imageshack.us', '3', 'Alpha ', 'img/user1.png', 40),
(460, 4512, 'Eddi Omar', '2001-01-02', 'Female', '451-160-5857', 'eomarcr@sfgate.com', '4', 'Beta ', 'img/user1.png', 19),
(461, 3980, 'Merline Zorzenoni', '2003-08-29', 'Female', '536-232-5430', 'mzorzenonics@biglobe.ne.jp', '3', 'Gamma ', 'img/user1.png', 13),
(462, 4433, 'Anstice Simondson', '1998-10-27', 'Female', '710-726-6256', 'asimondsonct@mlb.com', '4', 'Theta ', 'img/user1.png', 22),
(463, 4245, 'Bald Cicutto', '2003-10-17', 'Male', '990-671-9251', 'bcicuttocu@kickstarter.com', '2', 'Alpha ', 'img/user1.png', 40),
(464, 4799, 'Kitty Shivlin', '2001-05-03', 'Female', '645-383-1209', 'kshivlincv@dmoz.org', '1', 'Beta ', 'img/user1.png', 9),
(465, 4754, 'Persis Piggens', '2002-08-31', 'Female', '475-328-9632', 'ppiggenscw@plala.or.jp', '2', 'Gamma ', 'img/user1.png', 14),
(466, 4033, 'Clarie Gyver', '1998-06-26', 'Female', '436-355-6866', 'cgyvercx@alibaba.com', '3', 'Theta ', 'img/user1.png', 39),
(467, 4724, 'Roxana Somersett', '2000-03-03', 'Female', '958-611-7082', 'rsomersettcy@ihg.com', '1', 'Alpha ', 'img/user1.png', 3),
(468, 4575, 'Cchaddie Harrhy', '2000-10-24', 'Male', '617-727-5175', 'charrhycz@bandcamp.com', '4', 'Beta ', 'img/user1.png', 14),
(469, 4299, 'Eydie Bayliss', '2000-01-15', 'Female', '828-717-9545', 'ebaylissd0@dropbox.com', '4', 'Gamma ', 'img/user1.png', 39),
(470, 4515, 'Theresita Gallard', '1999-06-16', 'Female', '214-347-0259', 'tgallardd1@amazon.de', '2', 'Theta ', 'img/user1.png', 15),
(471, 4696, 'Jandy Mellmoth', '1999-07-11', 'Female', '696-768-5716', 'jmellmothd2@webmd.com', '1', 'Alpha ', 'img/user1.png', 1),
(472, 4713, 'Jeremie Mousdall', '2002-03-01', 'Male', '537-615-4172', 'jmousdalld3@nature.com', '1', 'Beta ', 'img/user1.png', 21),
(473, 4250, 'Ellwood Hollows', '2003-05-04', 'Male', '593-883-8823', 'ehollowsd4@themeforest.net', '3', 'Gamma ', 'img/user1.png', 36),
(474, 4061, 'Jamill Ferrao', '1998-03-20', 'Male', '690-783-1404', 'jferraod5@sun.com', '3', 'Theta ', 'img/user1.png', 2),
(475, 4077, 'Rosco Sweeny', '1998-11-21', 'Male', '888-840-7897', 'rsweenyd6@quantcast.com', '4', 'Alpha ', 'img/user1.png', 1),
(476, 4082, 'Cullin Clowser', '1999-12-28', 'Male', '206-914-2779', 'cclowserd7@unblog.fr', '2', 'Beta ', 'img/user1.png', 7),
(477, 4581, 'Alair Malenfant', '2003-12-20', 'Male', '415-948-5224', 'amalenfantd8@xrea.com', '2', 'Gamma ', 'img/user1.png', 27),
(478, 3939, 'Kermie Lanfear', '1998-06-20', 'Male', '887-169-1053', 'klanfeard9@ovh.net', '4', 'Theta ', 'img/user1.png', 3),
(479, 4643, 'Burt Gergler', '2000-10-14', 'Male', '834-598-1497', 'bgerglerda@si.edu', '2', 'Alpha ', 'img/user1.png', 34),
(480, 3843, 'Tobit Revie', '1999-04-10', 'Male', '703-316-0178', 'treviedb@dion.ne.jp', '3', 'Beta ', 'img/user1.png', 23),
(481, 4436, 'Dolly Triner', '2001-05-24', 'Female', '538-342-7364', 'dtrinerdc@fotki.com', '2', 'Gamma ', 'img/user1.png', 6),
(482, 3971, 'Nicolis Burn', '1999-03-02', 'Male', '402-706-0243', 'nburndd@flickr.com', '3', 'Theta ', 'img/user1.png', 39),
(483, 3924, 'Osborn Shepland', '2001-04-14', 'Male', '315-265-2321', 'osheplandde@altervista.org', '4', 'Alpha ', 'img/user1.png', 40),
(484, 3865, 'Conni England', '2002-07-08', 'Female', '596-376-5361', 'cenglanddf@1688.com', '2', 'Beta ', 'img/user1.png', 39),
(485, 4271, 'Blisse Courson', '1999-09-27', 'Female', '969-219-4763', 'bcoursondg@ucla.edu', '2', 'Gamma ', 'img/user1.png', 14),
(486, 4493, 'Wallis Morrell', '2000-06-26', 'Male', '566-622-6621', 'wmorrelldh@spiegel.de', '2', 'Theta ', 'img/user1.png', 25),
(487, 3909, 'Francoise Sutty', '2001-11-11', 'Female', '407-627-0447', 'fsuttydi@economist.com', '2', 'Alpha ', 'img/user1.png', 11),
(488, 4170, 'Lucienne Fittis', '1998-02-23', 'Female', '451-408-2023', 'lfittisdj@mlb.com', '3', 'Beta ', 'img/user1.png', 19),
(489, 4231, 'Rhianon Lower', '1998-02-11', 'Female', '340-756-7423', 'rlowerdk@ebay.co.uk', '3', 'Gamma ', 'img/user1.png', 35),
(490, 4264, 'Giordano Ovenell', '1998-03-25', 'Male', '901-648-5351', 'govenelldl@google.co.jp', '4', 'Theta ', 'img/user1.png', 5),
(491, 4007, 'Chelsae Bissex', '1999-06-04', 'Female', '352-576-2004', 'cbissexdm@moonfruit.com', '1', 'Alpha ', 'img/user1.png', 9),
(492, 4608, 'Lannie Vasic', '2001-01-12', 'Male', '886-262-4924', 'lvasicdn@exblog.jp', '3', 'Beta ', 'img/user1.png', 20),
(493, 4097, 'Glynda Audley', '2000-08-04', 'Female', '355-508-2023', 'gaudleydo@flavors.me', '4', 'Gamma ', 'img/user1.png', 19),
(494, 4121, 'Giavani O\' Hogan', '2001-10-14', 'Male', '207-767-5160', 'godp@pinterest.com', '4', 'Theta ', 'img/user1.png', 19),
(495, 4420, 'Stacy Flitcroft', '2001-04-11', 'Female', '260-936-2305', 'sflitcroftdq@delicious.com', '3', 'Alpha ', 'img/user1.png', 33),
(496, 4447, 'Edgardo Neumann', '2000-07-08', 'Male', '162-283-6003', 'eneumanndr@paypal.com', '4', 'Beta ', 'img/user1.png', 27),
(497, 3954, 'Rosetta Sansam', '2003-04-14', 'Female', '997-274-2951', 'rsansamds@dedecms.com', '4', 'Gamma ', 'img/user1.png', 5),
(498, 3821, 'Carolynn Allchorn', '2003-12-09', 'Female', '256-838-3752', 'callchorndt@nifty.com', '4', 'Theta ', 'img/user1.png', 13),
(499, 4090, 'Tripp Rought', '2002-08-15', 'Male', '779-397-8739', 'troughtdu@google.com.br', '2', 'Alpha ', 'img/user1.png', 34),
(500, 4178, 'Elfrieda Kemitt', '2003-03-13', 'Female', '166-984-2799', 'ekemittdv@newsvine.com', '1', 'Beta ', 'img/user1.png', 35),
(501, 4212, 'Bartholomew Cardenas', '1998-12-10', 'Male', '549-757-4411', 'bcardenasdw@jugem.jp', '1', 'Gamma ', 'img/user1.png', 32),
(502, 4336, 'Marcille Whieldon', '1999-10-17', 'Female', '434-384-2194', 'mwhieldondx@mediafire.com', '4', 'Theta ', 'img/user1.png', 32),
(503, 4426, 'Clementine Caple', '2001-08-22', 'Female', '620-196-4739', 'ccapledy@google.cn', '4', 'Alpha ', 'img/user1.png', 27),
(504, 4252, 'Felicdad Sholem', '2002-04-08', 'Female', '329-610-2054', 'fsholemdz@surveymonkey.com', '3', 'Beta ', 'img/user1.png', 12),
(505, 4405, 'Joye O\'Hogertie', '2002-07-21', 'Female', '605-542-9473', 'johogertiee0@geocities.com', '3', 'Gamma ', 'img/user1.png', 11),
(506, 4739, 'Olivero Fain', '2003-02-19', 'Male', '458-559-6945', 'ofaine1@msu.edu', '2', 'Theta ', 'img/user1.png', 23),
(507, 4456, 'Jermaine Hollyman', '2001-05-13', 'Female', '962-354-1958', 'jhollymane2@nhs.uk', '3', 'Alpha ', 'img/user1.png', 40),
(508, 4297, 'Ardenia Castanares', '2001-11-12', 'Female', '954-688-8844', 'acastanarese3@topsy.com', '3', 'Beta ', 'img/user1.png', 18),
(509, 4673, 'Lew Janosevic', '1999-09-16', 'Male', '302-390-7598', 'ljanosevice4@dyndns.org', '3', 'Gamma ', 'img/user1.png', 26),
(510, 3814, 'Moria Woolforde', '1999-04-01', 'Female', '984-524-3445', 'mwoolfordee5@netvibes.com', '2', 'Theta ', 'img/user1.png', 10),
(511, 4777, 'Ximenes Divers', '1999-12-13', 'Male', '171-302-5825', 'xdiverse6@utexas.edu', '4', 'Alpha ', 'img/user1.png', 17),
(512, 4433, 'Vitoria Slixby', '2001-05-08', 'Female', '140-745-6542', 'vslixbye7@smugmug.com', '2', 'Beta ', 'img/user1.png', 16),
(513, 3997, 'Idelle Guidera', '2000-12-06', 'Female', '878-748-3976', 'iguiderae8@fastcompany.com', '3', 'Gamma ', 'img/user1.png', 34),
(514, 4650, 'Davy Hardiman', '2000-04-23', 'Male', '656-908-8953', 'dhardimane9@ebay.com', '1', 'Theta ', 'img/user1.png', 29),
(515, 3835, 'Timmi Milella', '1999-07-24', 'Female', '455-201-3619', 'tmilellaea@slideshare.net', '1', 'Alpha ', 'img/user1.png', 19),
(516, 4522, 'Ted Mugglestone', '1999-05-22', 'Male', '641-371-4820', 'tmugglestoneeb@g.co', '2', 'Beta ', 'img/user1.png', 30),
(517, 4253, 'Dietrich Raff', '1999-02-17', 'Male', '264-745-8562', 'draffec@github.com', '3', 'Gamma ', 'img/user1.png', 21),
(518, 3906, 'Pacorro Hallen', '2000-06-10', 'Male', '896-439-2258', 'phallened@marketwatch.com', '2', 'Theta ', 'img/user1.png', 4),
(519, 4193, 'Welsh Rance', '2000-10-15', 'Male', '356-909-5121', 'wranceee@mail.ru', '1', 'Alpha ', 'img/user1.png', 4),
(520, 3897, 'Malory Pinder', '2002-01-15', 'Female', '484-326-9779', 'mpinderef@aol.com', '4', 'Beta ', 'img/user1.png', 36),
(521, 4232, 'Bourke Bamforth', '2001-02-18', 'Male', '126-252-6448', 'bbamfortheg@nhs.uk', '4', 'Gamma ', 'img/user1.png', 8),
(522, 4525, 'Haskel Guerri', '2003-11-27', 'Male', '354-767-6735', 'hguerrieh@blogger.com', '3', 'Theta ', 'img/user1.png', 6),
(523, 4578, 'Karoly Hynes', '2001-10-06', 'Male', '205-355-6306', 'khynesei@cam.ac.uk', '1', 'Alpha ', 'img/user1.png', 10),
(524, 4482, 'Jessey Gretton', '2001-11-25', 'Male', '205-856-2561', 'jgrettonej@ebay.co.uk', '1', 'Beta ', 'img/user1.png', 7),
(525, 4394, 'Dru McDonand', '2000-12-21', 'Male', '567-312-9448', 'dmcdonandek@unesco.org', '1', 'Gamma ', 'img/user1.png', 10),
(526, 3925, 'Bennett Muzzlewhite', '1998-08-20', 'Male', '736-737-9785', 'bmuzzlewhiteel@accuweather.com', '4', 'Theta ', 'img/user1.png', 33),
(527, 4378, 'Geordie Bottell', '2002-08-25', 'Male', '816-904-8081', 'gbottellem@cnbc.com', '3', 'Alpha ', 'img/user1.png', 17),
(528, 4144, 'Antonina Yong', '1999-03-12', 'Female', '841-358-2731', 'ayongen@toplist.cz', '4', 'Beta ', 'img/user1.png', 35),
(529, 4467, 'Lorri MacCrackan', '2000-04-27', 'Female', '836-571-1726', 'lmaccrackaneo@reuters.com', '1', 'Gamma ', 'img/user1.png', 7),
(530, 4046, 'Benton Bendtsen', '2001-03-10', 'Male', '835-397-7993', 'bbendtsenep@ameblo.jp', '2', 'Theta ', 'img/user1.png', 15),
(531, 4794, 'Kimble Whittleton', '2003-08-07', 'Male', '230-416-7024', 'kwhittletoneq@shareasale.com', '2', 'Alpha ', 'img/user1.png', 39),
(532, 3981, 'Alisun Healks', '2000-04-04', 'Female', '757-453-2349', 'ahealkser@springer.com', '4', 'Beta ', 'img/user1.png', 26),
(533, 3901, 'Ginni Wigley', '2002-02-22', 'Female', '800-610-8316', 'gwigleyes@godaddy.com', '4', 'Gamma ', 'img/user1.png', 3),
(534, 4585, 'Leo Aldrick', '2000-03-20', 'Male', '957-769-6816', 'laldricket@cafepress.com', '3', 'Theta ', 'img/user1.png', 17),
(535, 4689, 'Fredrick Woolforde', '2003-05-14', 'Male', '380-900-1908', 'fwoolfordeeu@weebly.com', '3', 'Alpha ', 'img/user1.png', 12),
(536, 4613, 'Naomi Kelland', '1998-03-18', 'Female', '424-412-6930', 'nkellandev@phoca.cz', '3', 'Beta ', 'img/user1.png', 22),
(537, 4770, 'Rip Catteroll', '2000-09-20', 'Male', '348-875-6314', 'rcatterollew@google.com.br', '3', 'Gamma ', 'img/user1.png', 6),
(538, 4064, 'Nappie Dwelley', '2002-04-19', 'Male', '349-967-7340', 'ndwelleyex@oracle.com', '1', 'Theta ', 'img/user1.png', 3),
(539, 4319, 'Eugene Kingshott', '2000-11-02', 'Male', '434-631-3640', 'ekingshottey@hexun.com', '1', 'Alpha ', 'img/user1.png', 24),
(540, 4448, 'Gilberto Scotchford', '2003-09-08', 'Male', '408-208-1233', 'gscotchfordez@npr.org', '4', 'Beta ', 'img/user1.png', 23),
(541, 3865, 'Laverna Kitcatt', '2002-07-25', 'Female', '701-825-3384', 'lkitcattf0@plala.or.jp', '3', 'Gamma ', 'img/user1.png', 2),
(542, 4170, 'Nonnah Luxford', '1998-10-17', 'Female', '281-753-9190', 'nluxfordf1@whitehouse.gov', '1', 'Theta ', 'img/user1.png', 13),
(543, 4233, 'Francklyn Caroli', '2000-06-04', 'Male', '665-262-6755', 'fcarolif2@elpais.com', '1', 'Alpha ', 'img/user1.png', 11),
(544, 4636, 'Costa Boyett', '1999-10-12', 'Male', '400-220-1019', 'cboyettf3@linkedin.com', '4', 'Beta ', 'img/user1.png', 8),
(545, 4419, 'Marlon Lordon', '2002-02-17', 'Male', '806-335-6884', 'mlordonf4@live.com', '3', 'Gamma ', 'img/user1.png', 36),
(546, 4553, 'Gardy Bevens', '2003-05-01', 'Male', '520-879-5655', 'gbevensf5@netlog.com', '3', 'Theta ', 'img/user1.png', 38),
(547, 3988, 'Alec Reddoch', '2001-09-27', 'Male', '546-976-1947', 'areddochf6@usgs.gov', '1', 'Alpha ', 'img/user1.png', 7),
(548, 3825, 'Tiphani Gregh', '2000-06-11', 'Female', '503-923-2609', 'tgreghf7@jugem.jp', '2', 'Beta ', 'img/user1.png', 3),
(549, 3935, 'Ulrick Kilminster', '2002-05-07', 'Male', '800-333-8349', 'ukilminsterf8@csmonitor.com', '1', 'Gamma ', 'img/user1.png', 23),
(550, 4335, 'Dino Brydell', '2001-02-14', 'Male', '386-746-4999', 'dbrydellf9@economist.com', '4', 'Theta ', 'img/user1.png', 34),
(551, 4037, 'Blondy Troyes', '2000-11-23', 'Female', '617-844-0661', 'btroyesfa@wix.com', '1', 'Alpha ', 'img/user1.png', 7),
(552, 4419, 'Valry Elsay', '1998-11-23', 'Female', '140-517-1303', 'velsayfb@tmall.com', '3', 'Beta ', 'img/user1.png', 22),
(553, 4217, 'Roddie Pogson', '2003-02-28', 'Male', '818-631-2152', 'rpogsonfc@hexun.com', '2', 'Gamma ', 'img/user1.png', 9),
(554, 4568, 'Brok Brushfield', '2002-04-21', 'Male', '201-458-2339', 'bbrushfieldfd@cocolog-nifty.com', '4', 'Theta ', 'img/user1.png', 13),
(555, 4668, 'Cordy Jenton', '2002-03-18', 'Male', '506-262-2927', 'cjentonfe@china.com.cn', '4', 'Alpha ', 'img/user1.png', 4),
(556, 4528, 'Cher Blanche', '2000-11-01', 'Female', '680-564-3219', 'cblancheff@studiopress.com', '2', 'Beta ', 'img/user1.png', 30),
(557, 3972, 'Cesare Arrighi', '1999-01-17', 'Male', '788-830-1342', 'carrighifg@newyorker.com', '1', 'Gamma ', 'img/user1.png', 1),
(558, 4779, 'Konstance Buscher', '2002-03-20', 'Female', '811-739-4697', 'kbuscherfh@csmonitor.com', '4', 'Theta ', 'img/user1.png', 23),
(559, 4700, 'Sydney Sheldrake', '2001-04-09', 'Male', '300-307-6121', 'ssheldrakefi@aol.com', '3', 'Alpha ', 'img/user1.png', 8),
(560, 4396, 'Caprice Wormleighton', '1999-07-07', 'Female', '862-240-4695', 'cwormleightonfj@irs.gov', '2', 'Beta ', 'img/user1.png', 16),
(561, 4651, 'Thorny Vallery', '2002-01-24', 'Male', '571-801-8043', 'tvalleryfk@skyrock.com', '3', 'Gamma ', 'img/user1.png', 20),
(562, 4652, 'Claudianus Heller', '2001-07-05', 'Male', '477-953-3600', 'chellerfl@google.co.jp', '1', 'Theta ', 'img/user1.png', 4),
(563, 4059, 'Ty MacAlroy', '2001-05-04', 'Male', '135-428-9633', 'tmacalroyfm@people.com.cn', '3', 'Alpha ', 'img/user1.png', 34),
(564, 4691, 'Herbie Cockling', '1998-03-24', 'Male', '406-746-8690', 'hcocklingfn@wordpress.com', '4', 'Beta ', 'img/user1.png', 14),
(565, 4338, 'Ozzy Purnell', '2001-03-31', 'Male', '843-935-0418', 'opurnellfo@live.com', '2', 'Gamma ', 'img/user1.png', 35),
(566, 3988, 'Annemarie Bicksteth', '1999-07-14', 'Female', '437-510-4245', 'abickstethfp@nhs.uk', '1', 'Theta ', 'img/user1.png', 9),
(567, 4227, 'Ernestine MacKegg', '2000-07-02', 'Female', '726-752-0924', 'emackeggfq@ask.com', '2', 'Alpha ', 'img/user1.png', 26),
(568, 4411, 'Katrinka Briance', '1999-01-04', 'Female', '693-684-2292', 'kbriancefr@wired.com', '3', 'Beta ', 'img/user1.png', 33),
(569, 3978, 'Matthew Vinall', '2003-01-22', 'Male', '462-332-9082', 'mvinallfs@live.com', '1', 'Gamma ', 'img/user1.png', 6),
(570, 4212, 'Carlotta Okeshott', '2001-02-10', 'Female', '529-944-7385', 'cokeshottft@smugmug.com', '2', 'Theta ', 'img/user1.png', 8),
(571, 4066, 'Skye Hehir', '1999-10-18', 'Male', '531-929-8049', 'shehirfu@sphinn.com', '3', 'Alpha ', 'img/user1.png', 34),
(572, 4148, 'Hilliard Hargate', '2002-03-18', 'Male', '454-277-1010', 'hhargatefv@msn.com', '3', 'Beta ', 'img/user1.png', 23),
(573, 4273, 'Markos Snoden', '2003-10-13', 'Male', '165-566-5129', 'msnodenfw@hud.gov', '2', 'Gamma ', 'img/user1.png', 26),
(574, 4175, 'Letty Zorzin', '2002-03-29', 'Female', '225-797-7704', 'lzorzinfx@nytimes.com', '3', 'Theta ', 'img/user1.png', 26),
(575, 3910, 'Lucina Guterson', '2002-05-29', 'Female', '570-391-2633', 'lgutersonfy@washington.edu', '2', 'Alpha ', 'img/user1.png', 19),
(576, 4049, 'Vin Bickerdicke', '2003-09-15', 'Female', '299-312-7724', 'vbickerdickefz@wordpress.com', '3', 'Beta ', 'img/user1.png', 4),
(577, 4381, 'Kalli Rosenauer', '1999-03-26', 'Female', '604-860-0877', 'krosenauerg0@google.com', '1', 'Gamma ', 'img/user1.png', 4),
(578, 4414, 'Cassandre Whitman', '2003-10-13', 'Female', '899-182-7108', 'cwhitmang1@unblog.fr', '3', 'Theta ', 'img/user1.png', 31),
(579, 4148, 'Ryun Brookton', '1999-02-28', 'Male', '478-816-0212', 'rbrooktong2@marriott.com', '1', 'Alpha ', 'img/user1.png', 20),
(580, 4476, 'Lyssa Caile', '2002-04-22', 'Female', '244-480-5165', 'lcaileg3@tiny.cc', '3', 'Beta ', 'img/user1.png', 32),
(581, 4514, 'Inglis Romeril', '2001-02-12', 'Male', '360-618-3509', 'iromerilg4@howstuffworks.com', '1', 'Gamma ', 'img/user1.png', 11),
(582, 4502, 'Charla Maevela', '1998-02-21', 'Female', '151-668-8207', 'cmaevelag5@t-online.de', '1', 'Theta ', 'img/user1.png', 1),
(583, 4711, 'Nanny Brimblecombe', '1998-10-03', 'Female', '227-170-1826', 'nbrimblecombeg6@archive.org', '2', 'Alpha ', 'img/user1.png', 29),
(584, 4411, 'Sean Storrar', '2002-07-01', 'Female', '887-242-1006', 'sstorrarg7@slashdot.org', '1', 'Beta ', 'img/user1.png', 34),
(585, 4208, 'Gaston O\'Regan', '1998-05-30', 'Male', '269-937-8800', 'goregang8@flickr.com', '2', 'Gamma ', 'img/user1.png', 26),
(586, 4219, 'Aldon Kubanek', '1998-12-23', 'Male', '111-685-6491', 'akubanekg9@etsy.com', '1', 'Theta ', 'img/user1.png', 24),
(587, 4191, 'Garland Moorrud', '2002-01-04', 'Female', '230-772-8196', 'gmoorrudga@scribd.com', '3', 'Alpha ', 'img/user1.png', 14),
(588, 4425, 'Skell While', '1998-04-21', 'Male', '927-169-7971', 'swhilegb@admin.ch', '1', 'Beta ', 'img/user1.png', 36),
(589, 4550, 'Wendi Jeandeau', '1999-03-23', 'Female', '112-755-4072', 'wjeandeaugc@free.fr', '3', 'Gamma ', 'img/user1.png', 18),
(590, 3837, 'Denni Sheilds', '2000-10-11', 'Female', '864-406-1318', 'dsheildsgd@google.co.jp', '2', 'Theta ', 'img/user1.png', 35),
(591, 4688, 'Carlyle Cullip', '2001-03-08', 'Male', '695-133-6052', 'ccullipge@home.pl', '2', 'Alpha ', 'img/user1.png', 20),
(592, 4774, 'Boy Rosbottom', '2002-09-03', 'Male', '882-752-2848', 'brosbottomgf@infoseek.co.jp', '2', 'Beta ', 'img/user1.png', 11),
(593, 3999, 'Shawn Cackett', '2002-09-16', 'Female', '816-736-7140', 'scackettgg@timesonline.co.uk', '1', 'Gamma ', 'img/user1.png', 22),
(594, 4033, 'Sydney Alp', '2002-07-02', 'Male', '305-337-3888', 'salpgh@moonfruit.com', '4', 'Theta ', 'img/user1.png', 27),
(595, 3964, 'Nana Alesin', '2000-08-20', 'Female', '337-292-6912', 'nalesingi@chronoengine.com', '4', 'Alpha ', 'img/user1.png', 38),
(596, 4686, 'Leupold Kabos', '1998-01-27', 'Male', '471-987-7072', 'lkabosgj@shutterfly.com', '3', 'Beta ', 'img/user1.png', 2),
(597, 3870, 'Baldwin Aronsohn', '2002-12-10', 'Male', '119-671-0320', 'baronsohngk@unicef.org', '1', 'Gamma ', 'img/user1.png', 23),
(598, 4554, 'Elvina Joseff', '2002-09-29', 'Female', '983-148-6054', 'ejoseffgl@xing.com', '2', 'Theta ', 'img/user1.png', 2),
(599, 4421, 'Cobbie Liell', '2003-02-26', 'Male', '351-413-2920', 'cliellgm@slate.com', '2', 'Alpha ', 'img/user1.png', 38),
(600, 4166, 'Nina Castelletto', '2003-06-06', 'Female', '483-257-5886', 'ncastellettogn@is.gd', '1', 'Beta ', 'img/user1.png', 33),
(601, 4317, 'Katharina Craker', '2001-11-16', 'Female', '618-221-9409', 'kcrakergo@miitbeian.gov.cn', '4', 'Gamma ', 'img/user1.png', 12),
(602, 4525, 'Kayne Sayes', '2000-01-11', 'Male', '527-228-0224', 'ksayesgp@mayoclinic.com', '2', 'Theta ', 'img/user1.png', 8),
(603, 4181, 'Tabatha Pecey', '2003-11-21', 'Female', '521-857-9516', 'tpeceygq@hubpages.com', '4', 'Alpha ', 'img/user1.png', 40),
(604, 4043, 'Gilberta Kochel', '1998-08-18', 'Female', '970-963-1964', 'gkochelgr@example.com', '2', 'Beta ', 'img/user1.png', 31),
(605, 4615, 'Sonnie Glayzer', '2002-12-23', 'Male', '181-494-0725', 'sglayzergs@bloomberg.com', '1', 'Gamma ', 'img/user1.png', 2),
(606, 3824, 'Serene Falco', '2001-11-03', 'Female', '561-977-4007', 'sfalcogt@theguardian.com', '3', 'Theta ', 'img/user1.png', 25),
(607, 4740, 'Alfy Danielot', '2000-09-17', 'Female', '755-162-8402', 'adanielotgu@1und1.de', '1', 'Alpha ', 'img/user1.png', 14),
(608, 4567, 'Gipsy Lafoy', '2003-10-23', 'Female', '392-863-1903', 'glafoygv@oakley.com', '1', 'Beta ', 'img/user1.png', 2),
(609, 4736, 'Hubie Chipps', '1999-08-08', 'Male', '697-325-0428', 'hchippsgw@umich.edu', '3', 'Gamma ', 'img/user1.png', 32),
(610, 4075, 'Edyth Hawlgarth', '2000-05-23', 'Female', '935-377-2318', 'ehawlgarthgx@eventbrite.com', '3', 'Theta ', 'img/user1.png', 39),
(611, 4611, 'Corissa De Marchi', '2000-03-08', 'Female', '698-591-7243', 'cdegy@myspace.com', '2', 'Alpha ', 'img/user1.png', 20),
(612, 4704, 'Jandy O\'Shields', '2000-01-25', 'Female', '559-957-2070', 'joshieldsgz@ycombinator.com', '2', 'Beta ', 'img/user1.png', 32),
(613, 3868, 'Shellie Dudden', '2002-07-17', 'Female', '350-131-8667', 'sduddenh0@dailymotion.com', '4', 'Gamma ', 'img/user1.png', 1),
(614, 4340, 'Dewitt Yacobsohn', '2000-02-09', 'Male', '817-881-0778', 'dyacobsohnh1@ameblo.jp', '4', 'Theta ', 'img/user1.png', 39),
(615, 4310, 'Cassius Toolan', '2002-05-25', 'Male', '567-327-2615', 'ctoolanh2@chicagotribune.com', '3', 'Alpha ', 'img/user1.png', 26),
(616, 4771, 'Ludwig Danniell', '2002-06-26', 'Male', '846-990-4618', 'ldanniellh3@slate.com', '2', 'Beta ', 'img/user1.png', 39),
(617, 4735, 'Celinda Baudains', '1998-08-12', 'Female', '299-954-7067', 'cbaudainsh4@people.com.cn', '4', 'Gamma ', 'img/user1.png', 27),
(618, 4361, 'Tommy Summerfield', '2000-02-08', 'Male', '972-514-2299', 'tsummerfieldh5@rakuten.co.jp', '1', 'Theta ', 'img/user1.png', 20),
(619, 4075, 'Gene Hargess', '2002-03-31', 'Female', '384-294-5003', 'ghargessh6@cisco.com', '1', 'Alpha ', 'img/user1.png', 17),
(620, 4252, 'Nancie Earley', '2001-03-23', 'Female', '992-587-3952', 'nearleyh7@symantec.com', '1', 'Beta ', 'img/user1.png', 24),
(621, 4399, 'Gibby Pulster', '1998-07-19', 'Male', '726-875-6267', 'gpulsterh8@netscape.com', '1', 'Gamma ', 'img/user1.png', 15),
(622, 4632, 'Elvina de Courcy', '1998-11-26', 'Female', '635-137-5235', 'edeh9@wp.com', '2', 'Theta ', 'img/user1.png', 40),
(623, 4173, 'Felipa Growcott', '2000-12-13', 'Female', '293-161-7934', 'fgrowcottha@blogtalkradio.com', '3', 'Alpha ', 'img/user1.png', 19),
(624, 4531, 'Caron Free', '2000-08-19', 'Female', '757-161-5213', 'cfreehb@huffingtonpost.com', '2', 'Beta ', 'img/user1.png', 38),
(625, 4486, 'Sheela Baudrey', '2002-12-11', 'Female', '723-419-7727', 'sbaudreyhc@jigsy.com', '1', 'Gamma ', 'img/user1.png', 31),
(626, 4060, 'Oby Warratt', '1999-04-25', 'Male', '204-943-8304', 'owarratthd@slate.com', '2', 'Theta ', 'img/user1.png', 27),
(627, 4105, 'Terrill Sybbe', '2002-11-07', 'Male', '410-605-4017', 'tsybbehe@about.com', '1', 'Alpha ', 'img/user1.png', 28),
(628, 3881, 'Archaimbaud Nellis', '1998-02-15', 'Male', '141-971-3218', 'anellishf@sfgate.com', '3', 'Beta ', 'img/user1.png', 24),
(629, 4777, 'Frasquito Leetham', '2000-10-30', 'Male', '733-958-1615', 'fleethamhg@gizmodo.com', '3', 'Gamma ', 'img/user1.png', 15),
(630, 4101, 'Arty Tumioto', '1998-11-15', 'Male', '199-481-3507', 'atumiotohh@domainmarket.com', '1', 'Theta ', 'img/user1.png', 8),
(631, 4678, 'Yanaton Orto', '2003-06-04', 'Male', '993-578-4513', 'yortohi@booking.com', '4', 'Alpha ', 'img/user1.png', 11),
(632, 4330, 'Heloise Le Count', '2000-06-23', 'Female', '791-755-9863', 'hlehj@sciencedirect.com', '3', 'Beta ', 'img/user1.png', 13),
(633, 3966, 'Corry Emblen', '2001-12-31', 'Female', '540-592-2987', 'cemblenhk@qq.com', '2', 'Gamma ', 'img/user1.png', 20),
(634, 3893, 'Ado Lidbetter', '1998-12-27', 'Male', '760-189-4732', 'alidbetterhl@washington.edu', '3', 'Theta ', 'img/user1.png', 4),
(635, 3959, 'Curt Maciak', '2000-09-15', 'Male', '202-243-1692', 'cmaciakhm@reddit.com', '2', 'Alpha ', 'img/user1.png', 14),
(636, 4290, 'Madeleine Armstead', '2000-04-12', 'Female', '557-153-7697', 'marmsteadhn@twitpic.com', '2', 'Beta ', 'img/user1.png', 40),
(637, 4386, 'Inessa Paniman', '2000-08-01', 'Female', '479-699-6767', 'ipanimanho@google.com', '4', 'Gamma ', 'img/user1.png', 1),
(638, 4700, 'Zelma Gronaller', '2002-01-31', 'Female', '513-496-6799', 'zgronallerhp@wikispaces.com', '3', 'Theta ', 'img/user1.png', 8),
(639, 4115, 'Verena Gurge', '2000-03-15', 'Female', '603-688-0005', 'vgurgehq@4shared.com', '1', 'Alpha ', 'img/user1.png', 3),
(640, 4803, 'Blaine Spacey', '2003-12-14', 'Male', '295-135-9477', 'bspaceyhr@storify.com', '2', 'Beta ', 'img/user1.png', 18),
(641, 4070, 'Virgie Domenget', '1998-06-20', 'Female', '251-592-6621', 'vdomengeths@ox.ac.uk', '3', 'Gamma ', 'img/user1.png', 2),
(642, 4777, 'Bord Shaxby', '1998-04-12', 'Male', '938-774-5702', 'bshaxbyht@ow.ly', '3', 'Theta ', 'img/user1.png', 40),
(643, 4076, 'Jillene Coker', '2003-08-20', 'Female', '705-160-6297', 'jcokerhu@github.io', '3', 'Alpha ', 'img/user1.png', 27),
(644, 3858, 'Adrea Cruz', '2003-05-10', 'Female', '526-941-9933', 'acruzhv@printfriendly.com', '2', 'Beta ', 'img/user1.png', 39),
(645, 4093, 'Demetris Freed', '2002-08-08', 'Female', '594-530-7721', 'dfreedhw@jigsy.com', '1', 'Gamma ', 'img/user1.png', 10),
(646, 3939, 'Ardella Bricknell', '2003-03-19', 'Female', '649-321-2673', 'abricknellhx@house.gov', '3', 'Theta ', 'img/user1.png', 19),
(647, 4065, 'Chester Ferro', '2001-12-08', 'Male', '343-443-5952', 'cferrohy@army.mil', '4', 'Alpha ', 'img/user1.png', 2),
(648, 4808, 'Curry Addess', '2000-10-02', 'Male', '563-343-5014', 'caddesshz@simplemachines.org', '2', 'Beta ', 'img/user1.png', 22),
(649, 3883, 'Delano Hannabuss', '2000-10-05', 'Male', '145-911-0965', 'dhannabussi0@csmonitor.com', '3', 'Gamma ', 'img/user1.png', 13),
(650, 4654, 'Trefor Walkley', '2001-05-16', 'Male', '970-397-2591', 'twalkleyi1@chronoengine.com', '1', 'Theta ', 'img/user1.png', 28),
(651, 3821, 'Chiquia MacPhee', '1998-12-29', 'Female', '375-280-3969', 'cmacpheei2@npr.org', '4', 'Alpha ', 'img/user1.png', 13),
(652, 4502, 'Vincent Leaman', '2003-10-18', 'Male', '357-396-0564', 'vleamani3@alibaba.com', '2', 'Beta ', 'img/user1.png', 23),
(653, 4384, 'Huey Mechic', '2001-05-13', 'Male', '208-409-5545', 'hmechici4@blogspot.com', '3', 'Gamma ', 'img/user1.png', 23),
(654, 4521, 'Nil Buntain', '2000-07-02', 'Male', '239-850-5631', 'nbuntaini5@alexa.com', '2', 'Theta ', 'img/user1.png', 13),
(655, 4690, 'Robena Lamar', '2000-02-01', 'Female', '701-775-7927', 'rlamari6@baidu.com', '1', 'Alpha ', 'img/user1.png', 28),
(656, 4368, 'Suzanna Antoney', '2000-03-28', 'Female', '934-246-1256', 'santoneyi7@google.com.au', '4', 'Beta ', 'img/user1.png', 6),
(657, 4059, 'Jarrod Corwin', '1999-02-24', 'Male', '933-862-7972', 'jcorwini8@bizjournals.com', '1', 'Gamma ', 'img/user1.png', 26),
(658, 4134, 'Bonita Liell', '2001-08-06', 'Female', '616-824-5724', 'blielli9@furl.net', '1', 'Theta ', 'img/user1.png', 18),
(659, 3861, 'Kahlil Amiss', '1999-04-11', 'Male', '650-164-4784', 'kamissia@alibaba.com', '1', 'Alpha ', 'img/user1.png', 40),
(660, 4305, 'Wernher Willeson', '1999-07-16', 'Male', '417-731-1778', 'wwillesonib@usda.gov', '3', 'Beta ', 'img/user1.png', 4),
(661, 4619, 'Alan Kilmurry', '1999-04-03', 'Male', '194-792-1788', 'akilmurryic@blogspot.com', '4', 'Gamma ', 'img/user1.png', 33),
(662, 4297, 'Sadie Baford', '2002-10-21', 'Female', '817-116-2467', 'sbafordid@imgur.com', '3', 'Theta ', 'img/user1.png', 23),
(663, 4627, 'Melloney MacMearty', '1998-02-25', 'Female', '584-401-5513', 'mmacmeartyie@wikia.com', '1', 'Alpha ', 'img/user1.png', 4),
(664, 4597, 'Miguela Vlasyev', '2000-09-11', 'Female', '536-824-8073', 'mvlasyevif@hud.gov', '4', 'Beta ', 'img/user1.png', 8),
(665, 4665, 'Fae Rapin', '2001-09-06', 'Female', '456-486-8631', 'frapinig@examiner.com', '3', 'Gamma ', 'img/user1.png', 15),
(666, 4769, 'Abby Clemenza', '2000-05-06', 'Female', '882-635-3081', 'aclemenzaih@jigsy.com', '2', 'Theta ', 'img/user1.png', 30),
(667, 4210, 'Lorry Northing', '1998-05-22', 'Female', '602-338-2544', 'lnorthingii@wisc.edu', '1', 'Alpha ', 'img/user1.png', 20),
(668, 4621, 'Harp Stace', '1999-09-08', 'Male', '816-864-3292', 'hstaceij@redcross.org', '4', 'Beta ', 'img/user1.png', 25),
(669, 4433, 'Garrik Wittier', '2003-01-31', 'Male', '714-593-7016', 'gwittierik@rediff.com', '2', 'Gamma ', 'img/user1.png', 2),
(670, 4445, 'Moishe Easman', '2002-06-06', 'Male', '263-325-3922', 'measmanil@facebook.com', '2', 'Theta ', 'img/user1.png', 16),
(671, 3947, 'Viviana Kopfen', '1998-06-06', 'Female', '400-246-4291', 'vkopfenim@ca.gov', '2', 'Alpha ', 'img/user1.png', 29),
(672, 4721, 'Si Jaher', '2003-05-18', 'Male', '543-543-6880', 'sjaherin@bizjournals.com', '3', 'Beta ', 'img/user1.png', 9),
(673, 3926, 'Durante Hendriksen', '1998-12-08', 'Male', '884-358-2870', 'dhendriksenio@scientificamerican.com', '1', 'Gamma ', 'img/user1.png', 8),
(674, 4533, 'Dorie Severn', '1999-06-09', 'Female', '663-525-7619', 'dsevernip@ftc.gov', '4', 'Theta ', 'img/user1.png', 19),
(675, 4058, 'Micky Fransemai', '2000-06-14', 'Female', '975-561-2558', 'mfransemaiiq@auda.org.au', '1', 'Alpha ', 'img/user1.png', 6),
(676, 4635, 'Etienne McCosker', '2000-10-05', 'Male', '122-713-6769', 'emccoskerir@yandex.ru', '4', 'Beta ', 'img/user1.png', 2),
(677, 4322, 'Helenka Goodbanne', '2000-07-28', 'Female', '424-214-7797', 'hgoodbanneis@gravatar.com', '1', 'Gamma ', 'img/user1.png', 7),
(678, 4172, 'Putnem Tolomei', '2003-08-03', 'Male', '304-979-8966', 'ptolomeiit@reference.com', '2', 'Theta ', 'img/user1.png', 27),
(679, 4765, 'Joanie Basham', '2000-06-13', 'Female', '184-441-4455', 'jbashamiu@macromedia.com', '1', 'Alpha ', 'img/user1.png', 29),
(680, 4595, 'Jaquelyn Smythe', '2003-09-14', 'Female', '440-646-0207', 'jsmytheiv@blogspot.com', '1', 'Beta ', 'img/user1.png', 25),
(681, 4381, 'Garfield Chinn', '2003-08-25', 'Male', '580-244-3992', 'gchinniw@blogs.com', '2', 'Gamma ', 'img/user1.png', 39),
(682, 4654, 'Heda Slee', '1998-02-19', 'Female', '242-496-3354', 'hsleeix@rambler.ru', '1', 'Theta ', 'img/user1.png', 33),
(683, 4197, 'Brennen Shadrach', '2004-01-14', 'Male', '741-626-5540', 'bshadrachiy@state.gov', '4', 'Alpha ', 'img/user1.png', 18),
(684, 4610, 'Hansiain Sherrard', '2003-10-27', 'Male', '593-422-3351', 'hsherrardiz@fc2.com', '2', 'Beta ', 'img/user1.png', 22),
(685, 4416, 'Brittan Durrand', '2000-07-04', 'Female', '843-818-4076', 'bdurrandj0@techcrunch.com', '2', 'Gamma ', 'img/user1.png', 25),
(686, 4057, 'Marten Lockart', '2000-09-21', 'Male', '356-240-9042', 'mlockartj1@example.com', '2', 'Theta ', 'img/user1.png', 26),
(687, 4131, 'Theodosia Ogus', '1999-04-25', 'Female', '841-256-5590', 'togusj2@alibaba.com', '3', 'Alpha ', 'img/user1.png', 25),
(688, 4016, 'Claudina Van der Hoven', '1998-11-02', 'Female', '882-539-9077', 'cvanj3@washingtonpost.com', '2', 'Beta ', 'img/user1.png', 6),
(689, 4129, 'Werner Sich', '1999-06-10', 'Male', '731-655-3642', 'wsichj4@ocn.ne.jp', '3', 'Gamma ', 'img/user1.png', 23),
(690, 3851, 'Inigo Mulqueeny', '2001-08-05', 'Male', '720-956-2951', 'imulqueenyj5@angelfire.com', '4', 'Theta ', 'img/user1.png', 36),
(691, 4153, 'Oberon Rushbury', '2001-12-24', 'Male', '750-994-6917', 'orushburyj6@naver.com', '2', 'Alpha ', 'img/user1.png', 12),
(692, 4521, 'Brocky Chishull', '2000-04-18', 'Male', '234-144-1830', 'bchishullj7@sogou.com', '4', 'Beta ', 'img/user1.png', 20),
(693, 4787, 'Mendel Dedenham', '2000-01-06', 'Male', '172-622-2931', 'mdedenhamj8@howstuffworks.com', '1', 'Gamma ', 'img/user1.png', 22),
(694, 4087, 'Fran Rostern', '2003-03-13', 'Male', '842-291-9696', 'frosternj9@taobao.com', '2', 'Theta ', 'img/user1.png', 6),
(695, 4403, 'Lucita Bristo', '1999-05-05', 'Female', '973-743-5648', 'lbristoja@fotki.com', '2', 'Alpha ', 'img/user1.png', 36),
(696, 4578, 'Rodrick Colicot', '2003-06-27', 'Male', '982-618-1036', 'rcolicotjb@google.com.hk', '4', 'Beta ', 'img/user1.png', 10),
(697, 4026, 'Doll Dunrige', '1999-07-17', 'Female', '993-230-4435', 'ddunrigejc@meetup.com', '1', 'Gamma ', 'img/user1.png', 14),
(698, 4515, 'Huberto Mussolini', '2002-09-01', 'Male', '306-960-4730', 'hmussolinijd@stumbleupon.com', '4', 'Theta ', 'img/user1.png', 3),
(699, 4692, 'Fabiano Boyle', '2001-04-06', 'Male', '760-815-1801', 'fboyleje@thetimes.co.uk', '1', 'Alpha ', 'img/user1.png', 11),
(700, 4425, 'Coralyn Glidder', '2002-08-02', 'Female', '645-108-8216', 'cglidderjf@wordpress.com', '1', 'Beta ', 'img/user1.png', 38),
(701, 3949, 'Gwenora Allanby', '2001-02-02', 'Female', '160-254-4604', 'gallanbyjg@nature.com', '1', 'Gamma ', 'img/user1.png', 18),
(702, 4457, 'Brocky Swash', '2002-01-21', 'Male', '488-540-4858', 'bswashjh@w3.org', '1', 'Theta ', 'img/user1.png', 18),
(703, 3816, 'Edouard Doiley', '2003-10-21', 'Male', '586-788-3907', 'edoileyji@themeforest.net', '4', 'Alpha ', 'img/user1.png', 22),
(704, 4464, 'Dew Toyne', '2003-10-17', 'Male', '373-829-6797', 'dtoynejj@gov.uk', '1', 'Beta ', 'img/user1.png', 27),
(705, 3980, 'Henriette Ingleby', '2000-05-19', 'Female', '325-823-2935', 'hinglebyjk@amazon.com', '2', 'Gamma ', 'img/user1.png', 40),
(706, 3864, 'Ugo Vial', '2000-09-02', 'Male', '783-737-3118', 'uvialjl@jiathis.com', '2', 'Theta ', 'img/user1.png', 13),
(707, 4667, 'Lorin Wigan', '1999-09-29', 'Male', '783-906-9298', 'lwiganjm@shareasale.com', '1', 'Alpha ', 'img/user1.png', 1),
(708, 4592, 'Robin Ciccoloi', '2001-03-04', 'Female', '267-220-4699', 'rciccoloijn@list-manage.com', '3', 'Beta ', 'img/user1.png', 11),
(709, 4546, 'Jae Kaas', '2003-02-21', 'Male', '980-779-8445', 'jkaasjo@spotify.com', '2', 'Gamma ', 'img/user1.png', 10),
(710, 3912, 'Jeffie Hannibal', '2002-01-18', 'Male', '670-183-6078', 'jhannibaljp@gravatar.com', '1', 'Theta ', 'img/user1.png', 33),
(711, 3815, 'Tab Haithwaite', '1998-05-08', 'Male', '950-681-7766', 'thaithwaitejq@shutterfly.com', '2', 'Alpha ', 'img/user1.png', 23),
(712, 3969, 'Meta Drynan', '2002-11-29', 'Female', '912-212-6520', 'mdrynanjr@rediff.com', '3', 'Beta ', 'img/user1.png', 2),
(713, 4354, 'Hayward Rentoul', '2001-07-23', 'Male', '797-107-1578', 'hrentouljs@jimdo.com', '4', 'Gamma ', 'img/user1.png', 24),
(714, 4222, 'Cornie Charrington', '2003-07-11', 'Male', '660-138-3848', 'ccharringtonjt@furl.net', '3', 'Theta ', 'img/user1.png', 7),
(715, 4051, 'Caritta Stearne', '2000-01-11', 'Female', '394-438-2635', 'cstearneju@engadget.com', '2', 'Alpha ', 'img/user1.png', 23),
(716, 4607, 'Maddy Reading', '2001-04-18', 'Male', '216-296-2822', 'mreadingjv@europa.eu', '1', 'Beta ', 'img/user1.png', 3),
(717, 3936, 'Izabel Dixcee', '2000-10-12', 'Female', '426-130-3196', 'idixceejw@last.fm', '1', 'Gamma ', 'img/user1.png', 1),
(718, 3946, 'Ichabod Dilliston', '2001-05-09', 'Male', '311-898-0742', 'idillistonjx@blogspot.com', '4', 'Theta ', 'img/user1.png', 11),
(719, 4637, 'Skipton St. John', '2003-08-22', 'Male', '258-569-9489', 'sstjy@reverbnation.com', '4', 'Alpha ', 'img/user1.png', 14),
(720, 4477, 'Marabel Haylands', '2000-05-14', 'Female', '268-710-7382', 'mhaylandsjz@unesco.org', '1', 'Beta ', 'img/user1.png', 36),
(721, 4351, 'Emiline Matfield', '1998-05-04', 'Female', '157-732-4824', 'ematfieldk0@arizona.edu', '2', 'Gamma ', 'img/user1.png', 14),
(722, 4214, 'Lay Barrowclough', '2001-01-02', 'Male', '212-746-6294', 'lbarrowcloughk1@google.ca', '3', 'Theta ', 'img/user1.png', 3),
(723, 3827, 'Dur Pettwood', '2003-10-15', 'Male', '662-784-6682', 'dpettwoodk2@people.com.cn', '3', 'Alpha ', 'img/user1.png', 30),
(724, 4379, 'Nicky Beamson', '1998-07-01', 'Male', '307-298-8743', 'nbeamsonk3@guardian.co.uk', '3', 'Beta ', 'img/user1.png', 26),
(725, 4229, 'Arlen Berrow', '2000-11-27', 'Male', '578-890-9744', 'aberrowk4@barnesandnoble.com', '3', 'Gamma ', 'img/user1.png', 39),
(726, 4390, 'Galven Foulger', '2001-02-15', 'Male', '359-794-4385', 'gfoulgerk5@cdbaby.com', '1', 'Theta ', 'img/user1.png', 25),
(727, 4533, 'Brit O\'Sherin', '2001-02-19', 'Female', '364-417-8765', 'bosherink6@sciencedirect.com', '3', 'Alpha ', 'img/user1.png', 5),
(728, 4462, 'Jo Cramphorn', '2003-01-23', 'Female', '766-570-9987', 'jcramphornk7@cdbaby.com', '1', 'Beta ', 'img/user1.png', 23),
(729, 4694, 'Donaugh Mattheus', '2004-01-10', 'Male', '630-884-3242', 'dmattheusk8@wix.com', '1', 'Gamma ', 'img/user1.png', 10),
(730, 4332, 'Aylmer Aynscombe', '1998-11-04', 'Male', '307-141-3770', 'aaynscombek9@google.com.au', '3', 'Theta ', 'img/user1.png', 27),
(731, 4589, 'Abigail Stanion', '1998-06-14', 'Female', '641-107-3511', 'astanionka@com.com', '2', 'Alpha ', 'img/user1.png', 17),
(732, 4405, 'Marla Haye', '1998-09-09', 'Female', '733-743-4963', 'mhayekb@shinystat.com', '4', 'Beta ', 'img/user1.png', 39),
(733, 4757, 'Darn Kirimaa', '2003-09-30', 'Male', '812-127-0320', 'dkirimaakc@printfriendly.com', '1', 'Gamma ', 'img/user1.png', 20),
(734, 3810, 'Montgomery Grassett', '1998-12-10', 'Male', '995-345-6513', 'mgrassettkd@naver.com', '2', 'Theta ', 'img/user1.png', 38),
(735, 4252, 'Cori Hudleston', '2002-11-02', 'Female', '734-976-5918', 'chudlestonke@disqus.com', '3', 'Alpha ', 'img/user1.png', 5),
(736, 3919, 'Mirella Ludlow', '2003-09-19', 'Female', '568-685-7288', 'mludlowkf@youtu.be', '3', 'Beta ', 'img/user1.png', 6),
(737, 4361, 'Scotty Scarce', '2000-08-26', 'Male', '462-165-7763', 'sscarcekg@psu.edu', '2', 'Gamma ', 'img/user1.png', 2),
(738, 4808, 'Frazer Camlin', '2001-12-14', 'Male', '583-381-5698', 'fcamlinkh@nasa.gov', '1', 'Theta ', 'img/user1.png', 11),
(739, 4019, 'Verney Silverwood', '2000-06-18', 'Male', '193-571-0513', 'vsilverwoodki@amazon.com', '3', 'Alpha ', 'img/user1.png', 11),
(740, 4198, 'Ernestus Deverale', '1998-06-20', 'Male', '762-228-0976', 'edeveralekj@cornell.edu', '3', 'Beta ', 'img/user1.png', 34),
(741, 3910, 'Leigh Shipston', '2002-06-09', 'Female', '179-822-8925', 'lshipstonkk@booking.com', '4', 'Gamma ', 'img/user1.png', 36),
(742, 4718, 'Urban Bearham', '2001-05-18', 'Male', '720-137-4332', 'ubearhamkl@weibo.com', '1', 'Theta ', 'img/user1.png', 6),
(743, 4530, 'Sherm Burniston', '2002-02-03', 'Male', '757-402-3412', 'sburnistonkm@psu.edu', '1', 'Alpha ', 'img/user1.png', 9),
(744, 4752, 'Arnie Stanley', '2000-08-01', 'Male', '529-872-8936', 'astanleykn@unesco.org', '2', 'Beta ', 'img/user1.png', 13),
(745, 3880, 'Koressa Point', '2000-12-18', 'Female', '993-256-3905', 'kpointko@bbc.co.uk', '3', 'Gamma ', 'img/user1.png', 22),
(746, 4210, 'Noll Amiable', '2003-03-17', 'Male', '436-564-5086', 'namiablekp@instagram.com', '2', 'Theta ', 'img/user1.png', 39),
(747, 4145, 'Olenolin Lydster', '2002-05-11', 'Male', '894-148-3380', 'olydsterkq@cloudflare.com', '2', 'Alpha ', 'img/user1.png', 18),
(748, 4718, 'Evangelina Carl', '1998-10-11', 'Female', '897-336-9748', 'ecarlkr@wp.com', '4', 'Beta ', 'img/user1.png', 30),
(749, 3855, 'Emory Riehm', '1999-05-01', 'Male', '253-323-4465', 'eriehmks@geocities.jp', '1', 'Gamma ', 'img/user1.png', 38),
(750, 4715, 'Roselle Hair', '2001-09-08', 'Female', '153-600-0530', 'rhairkt@mediafire.com', '1', 'Theta ', 'img/user1.png', 10),
(751, 4154, 'Cecelia Feltham', '1999-04-12', 'Female', '478-775-2567', 'cfelthamku@gravatar.com', '3', 'Alpha ', 'img/user1.png', 38),
(752, 4211, 'Luce Costain', '2002-10-02', 'Male', '821-248-2897', 'lcostainkv@boston.com', '4', 'Beta ', 'img/user1.png', 25),
(753, 4211, 'Yurik Warde', '2000-06-25', 'Male', '547-231-5126', 'ywardekw@lycos.com', '1', 'Gamma ', 'img/user1.png', 18),
(754, 4627, 'Morry Toma', '1999-12-11', 'Male', '444-845-0423', 'mtomakx@princeton.edu', '3', 'Theta ', 'img/user1.png', 37),
(755, 4126, 'Cordie Draayer', '1998-03-29', 'Male', '818-108-3528', 'cdraayerky@dedecms.com', '3', 'Alpha ', 'img/user1.png', 20),
(756, 4392, 'Myrvyn Normansell', '2003-09-19', 'Male', '863-768-0921', 'mnormansellkz@icio.us', '4', 'Beta ', 'img/user1.png', 22),
(757, 4345, 'Bobbi Rumgay', '2000-08-28', 'Female', '672-697-6260', 'brumgayl0@techcrunch.com', '3', 'Gamma ', 'img/user1.png', 25),
(758, 4049, 'Carley Cullen', '2001-03-15', 'Female', '966-526-8185', 'ccullenl1@tmall.com', '2', 'Theta ', 'img/user1.png', 22),
(759, 4035, 'Robers Asprey', '1998-11-03', 'Male', '773-975-8512', 'raspreyl2@chron.com', '4', 'Alpha ', 'img/user1.png', 23),
(760, 4401, 'Roselin Kobpac', '2000-12-15', 'Female', '447-413-3092', 'rkobpacl3@ted.com', '3', 'Beta ', 'img/user1.png', 10),
(761, 4706, 'Padgett Rendall', '1998-09-08', 'Male', '993-938-5265', 'prendalll4@answers.com', '3', 'Gamma ', 'img/user1.png', 17),
(762, 4474, 'Red Mullord', '1998-11-20', 'Male', '487-852-3201', 'rmullordl5@last.fm', '4', 'Theta ', 'img/user1.png', 28),
(763, 4531, 'Blinni Rome', '2003-07-01', 'Female', '287-916-6932', 'bromel6@msu.edu', '3', 'Alpha ', 'img/user1.png', 23),
(764, 4016, 'Catina Threadgould', '2003-08-20', 'Female', '183-775-7574', 'cthreadgouldl7@quantcast.com', '4', 'Beta ', 'img/user1.png', 37),
(765, 4420, 'Tamara Zanardii', '1999-12-02', 'Female', '775-285-5299', 'tzanardiil8@msn.com', '1', 'Gamma ', 'img/user1.png', 8),
(766, 4502, 'Ruthanne Templeton', '2002-07-05', 'Female', '518-732-2422', 'rtempletonl9@accuweather.com', '4', 'Theta ', 'img/user1.png', 15),
(767, 4040, 'Elisabeth Skalls', '2000-04-20', 'Female', '106-419-8278', 'eskallsla@dion.ne.jp', '4', 'Alpha ', 'img/user1.png', 1),
(768, 4622, 'Keslie Winterbottom', '1999-10-14', 'Female', '702-814-6830', 'kwinterbottomlb@economist.com', '1', 'Beta ', 'img/user1.png', 38),
(769, 4097, 'Farrah Pinnington', '2002-04-24', 'Female', '176-513-9257', 'fpinningtonlc@dagondesign.com', '2', 'Gamma ', 'img/user1.png', 22),
(770, 4466, 'Norman Westwood', '2000-04-25', 'Male', '738-459-9746', 'nwestwoodld@tmall.com', '2', 'Theta ', 'img/user1.png', 39),
(771, 3865, 'Kaela Woolam', '2002-11-08', 'Female', '615-710-5479', 'kwoolamle@engadget.com', '2', 'Alpha ', 'img/user1.png', 40),
(772, 4302, 'Tamas Abramof', '2000-08-03', 'Male', '511-178-6792', 'tabramoflf@uiuc.edu', '4', 'Beta ', 'img/user1.png', 6);
INSERT INTO `student` (`aid`, `adm_no`, `sname`, `dob`, `gender`, `telephone`, `mail`, `form`, `stream`, `image`, `tid`) VALUES
(773, 4245, 'Gnni Allardyce', '1999-12-17', 'Female', '778-225-1185', 'gallardycelg@wp.com', '1', 'Gamma ', 'img/user1.png', 7),
(774, 4518, 'Dell O\' Mullane', '2001-11-02', 'Female', '475-615-7281', 'dolh@eventbrite.com', '3', 'Theta ', 'img/user1.png', 20),
(775, 4700, 'Kellsie Wapplington', '2003-10-29', 'Female', '393-348-2608', 'kwapplingtonli@blinklist.com', '3', 'Alpha ', 'img/user1.png', 15),
(776, 3895, 'Fons Bennough', '2000-02-04', 'Male', '512-743-4735', 'fbennoughlj@xing.com', '2', 'Beta ', 'img/user1.png', 4),
(777, 3889, 'Milicent Straker', '2003-06-11', 'Female', '761-473-9760', 'mstrakerlk@blogspot.com', '4', 'Gamma ', 'img/user1.png', 33),
(778, 4052, 'Pammi Kinchley', '2001-01-08', 'Female', '170-358-7625', 'pkinchleyll@redcross.org', '4', 'Theta ', 'img/user1.png', 39),
(779, 4519, 'Feliza Featley', '2000-07-14', 'Female', '984-566-7446', 'ffeatleylm@usgs.gov', '4', 'Alpha ', 'img/user1.png', 12),
(780, 4619, 'Odie Gerholz', '2003-02-09', 'Male', '433-881-4015', 'ogerholzln@i2i.jp', '2', 'Beta ', 'img/user1.png', 18),
(781, 4600, 'Erasmus Spileman', '2002-07-23', 'Male', '564-716-8189', 'espilemanlo@yolasite.com', '1', 'Gamma ', 'img/user1.png', 7),
(782, 4576, 'Kev Pavluk', '2001-06-24', 'Male', '778-535-3174', 'kpavluklp@privacy.gov.au', '3', 'Theta ', 'img/user1.png', 3),
(783, 4618, 'Orlando Ferie', '2000-05-01', 'Male', '860-591-7922', 'oferielq@google.it', '1', 'Alpha ', 'img/user1.png', 33),
(784, 3820, 'Bruis Petzold', '2000-04-20', 'Male', '959-905-5119', 'bpetzoldlr@weather.com', '1', 'Beta ', 'img/user1.png', 32),
(785, 4190, 'Luciana Bryer', '2001-06-18', 'Female', '925-594-9677', 'lbryerls@bizjournals.com', '1', 'Gamma ', 'img/user1.png', 21),
(786, 4161, 'Alphonso Du Hamel', '2003-11-16', 'Male', '852-589-8257', 'adult@marketwatch.com', '2', 'Theta ', 'img/user1.png', 2),
(787, 4168, 'Joyce Bevens', '2002-05-07', 'Female', '301-640-3517', 'jbevenslu@storify.com', '3', 'Alpha ', 'img/user1.png', 14),
(788, 4262, 'Andrea Dagless', '2000-10-18', 'Male', '660-544-9113', 'adaglesslv@gmpg.org', '3', 'Beta ', 'img/user1.png', 3),
(789, 4004, 'Shaun Enticknap', '1998-07-20', 'Male', '501-667-7568', 'senticknaplw@fema.gov', '3', 'Gamma ', 'img/user1.png', 30),
(790, 4157, 'Elmer Paramor', '2002-08-16', 'Male', '963-932-2083', 'eparamorlx@reference.com', '3', 'Theta ', 'img/user1.png', 20),
(791, 3874, 'Gasparo Penton', '2001-08-02', 'Male', '901-981-1421', 'gpentonly@nbcnews.com', '3', 'Alpha ', 'img/user1.png', 25),
(792, 4205, 'Adan Ondracek', '2001-08-03', 'Male', '613-774-1151', 'aondraceklz@time.com', '4', 'Beta ', 'img/user1.png', 10),
(793, 4803, 'Rozina Santon', '2002-06-17', 'Female', '797-858-3753', 'rsantonm0@miitbeian.gov.cn', '3', 'Gamma ', 'img/user1.png', 25),
(794, 4617, 'Derward O\'Hallihane', '1998-08-28', 'Male', '706-789-1242', 'dohallihanem1@moonfruit.com', '2', 'Theta ', 'img/user1.png', 16),
(795, 4510, 'Layton Ccomini', '2003-02-13', 'Male', '488-352-4879', 'lccominim2@plala.or.jp', '1', 'Alpha ', 'img/user1.png', 2),
(796, 4048, 'Mord Vannini', '1998-06-24', 'Male', '125-191-9323', 'mvanninim3@comcast.net', '2', 'Beta ', 'img/user1.png', 30),
(797, 4157, 'Charisse Collar', '2000-12-19', 'Female', '757-456-4044', 'ccollarm4@mapquest.com', '2', 'Gamma ', 'img/user1.png', 17),
(798, 4245, 'Hestia Gladdifh', '2000-08-06', 'Female', '627-439-9007', 'hgladdifhm5@joomla.org', '4', 'Theta ', 'img/user1.png', 19),
(799, 4287, 'Timmie Tatterton', '1998-12-15', 'Female', '819-414-4530', 'ttattertonm6@archive.org', '3', 'Alpha ', 'img/user1.png', 10),
(800, 4157, 'Celka Tie', '2001-01-22', 'Female', '378-555-1657', 'ctiem7@walmart.com', '4', 'Beta ', 'img/user1.png', 8),
(801, 4769, 'Cello Nevill', '1998-11-03', 'Male', '669-152-4545', 'cnevillm8@yahoo.com', '1', 'Gamma ', 'img/user1.png', 15),
(802, 4785, 'Carlyle Ramos', '1998-10-29', 'Male', '606-533-8213', 'cramosm9@state.gov', '3', 'Theta ', 'img/user1.png', 37),
(803, 4346, 'Wheeler Stockport', '2003-10-21', 'Male', '356-836-4657', 'wstockportma@state.gov', '3', 'Alpha ', 'img/user1.png', 17),
(804, 4184, 'Mikol Ebbrell', '2001-07-19', 'Male', '645-648-5799', 'mebbrellmb@1und1.de', '1', 'Beta ', 'img/user1.png', 33),
(805, 3841, 'Xylina Clemens', '1998-06-20', 'Female', '128-833-7709', 'xclemensmc@chron.com', '4', 'Gamma ', 'img/user1.png', 33),
(806, 4377, 'Marthe Melan', '1998-04-06', 'Female', '604-265-8268', 'mmelanmd@spotify.com', '3', 'Theta ', 'img/user1.png', 29),
(807, 4509, 'Augusta Glauber', '2000-02-22', 'Female', '617-571-6701', 'aglauberme@symantec.com', '2', 'Alpha ', 'img/user1.png', 31),
(808, 4260, 'Tim Sherwen', '1998-03-01', 'Female', '172-154-8448', 'tsherwenmf@cdc.gov', '4', 'Beta ', 'img/user1.png', 1),
(809, 4275, 'Janeta Renak', '1998-10-10', 'Female', '954-892-6374', 'jrenakmg@netvibes.com', '3', 'Gamma ', 'img/user1.png', 22),
(810, 4763, 'Rog Gainsbury', '2001-06-17', 'Male', '486-204-9772', 'rgainsburymh@oakley.com', '2', 'Theta ', 'img/user1.png', 11),
(811, 4027, 'Dagmar Grishagin', '2000-02-27', 'Female', '120-959-0893', 'dgrishaginmi@homestead.com', '2', 'Alpha ', 'img/user1.png', 37),
(812, 4213, 'Frants Celle', '2001-01-28', 'Male', '389-504-8038', 'fcellemj@opensource.org', '4', 'Beta ', 'img/user1.png', 10),
(813, 4756, 'Ruthann Hassard', '2003-11-21', 'Female', '310-494-2281', 'rhassardmk@ask.com', '3', 'Gamma ', 'img/user1.png', 30),
(814, 4339, 'Lorine Kleinplatz', '2002-05-06', 'Female', '210-699-0919', 'lkleinplatzml@creativecommons.org', '4', 'Theta ', 'img/user1.png', 25),
(815, 4189, 'Tiphanie Denzey', '2002-02-09', 'Female', '788-637-3417', 'tdenzeymm@elpais.com', '3', 'Alpha ', 'img/user1.png', 27),
(816, 4718, 'Lev Zecchinelli', '2003-05-27', 'Male', '818-282-3879', 'lzecchinellimn@yale.edu', '2', 'Beta ', 'img/user1.png', 38),
(817, 4549, 'Drusi Scotchmer', '2001-07-10', 'Female', '892-803-2242', 'dscotchmermo@networksolutions.com', '3', 'Gamma ', 'img/user1.png', 1),
(818, 4632, 'Waldemar Doyley', '1998-07-13', 'Male', '142-946-8790', 'wdoyleymp@mac.com', '2', 'Theta ', 'img/user1.png', 7),
(819, 4428, 'Tait Vellender', '2002-09-23', 'Male', '459-445-7881', 'tvellendermq@nps.gov', '2', 'Alpha ', 'img/user1.png', 5),
(820, 4748, 'Elinore Mulvey', '1998-09-03', 'Female', '562-427-2952', 'emulveymr@wikispaces.com', '4', 'Beta ', 'img/user1.png', 11),
(821, 4698, 'Hyacinthia Saunders', '2000-09-29', 'Female', '541-775-3883', 'hsaundersms@123-reg.co.uk', '4', 'Gamma ', 'img/user1.png', 22),
(822, 3931, 'Verine Cowhig', '1998-07-05', 'Female', '589-987-9491', 'vcowhigmt@friendfeed.com', '1', 'Theta ', 'img/user1.png', 35),
(823, 4153, 'Steffen Saffle', '2000-01-30', 'Male', '281-606-0350', 'ssafflemu@smh.com.au', '3', 'Alpha ', 'img/user1.png', 40),
(824, 4697, 'Aldo Chesterfield', '2002-01-04', 'Male', '248-627-5666', 'achesterfieldmv@comsenz.com', '4', 'Beta ', 'img/user1.png', 4),
(825, 4626, 'Hunfredo Beazley', '2002-06-07', 'Male', '388-651-1593', 'hbeazleymw@smh.com.au', '1', 'Gamma ', 'img/user1.png', 20),
(826, 4041, 'Reggis Bromige', '2002-01-17', 'Male', '558-639-3767', 'rbromigemx@zimbio.com', '3', 'Theta ', 'img/user1.png', 11),
(827, 4034, 'Aloysius Kohen', '2003-04-04', 'Male', '740-918-9929', 'akohenmy@wiley.com', '3', 'Alpha ', 'img/user1.png', 34),
(828, 4583, 'Ray Dungee', '2003-02-11', 'Male', '380-586-3511', 'rdungeemz@msu.edu', '3', 'Beta ', 'img/user1.png', 32),
(829, 4793, 'Darb Bilsland', '2000-03-07', 'Female', '865-536-7428', 'dbilslandn0@independent.co.uk', '1', 'Gamma ', 'img/user1.png', 34),
(830, 4037, 'Chicky Roistone', '2001-04-18', 'Male', '668-983-9057', 'croistonen1@nsw.gov.au', '3', 'Theta ', 'img/user1.png', 13),
(831, 4736, 'Panchito Smitherham', '2001-05-08', 'Male', '217-246-5055', 'psmitherhamn2@shinystat.com', '4', 'Alpha ', 'img/user1.png', 3),
(832, 4174, 'Lindsy Heijne', '2002-11-20', 'Female', '839-543-7200', 'lheijnen3@so-net.ne.jp', '3', 'Beta ', 'img/user1.png', 37),
(833, 4496, 'Olwen Laffling', '2003-03-09', 'Female', '802-589-3155', 'olafflingn4@sfgate.com', '3', 'Gamma ', 'img/user1.png', 14),
(834, 3887, 'Analiese Brenston', '1999-04-09', 'Female', '103-268-5722', 'abrenstonn5@nbcnews.com', '3', 'Theta ', 'img/user1.png', 15),
(835, 4096, 'Nelson Utting', '2000-03-17', 'Male', '122-626-3011', 'nuttingn6@msn.com', '1', 'Alpha ', 'img/user1.png', 1),
(836, 4008, 'Lyn Choldcroft', '1998-01-22', 'Female', '175-938-1180', 'lcholdcroftn7@jugem.jp', '1', 'Beta ', 'img/user1.png', 35),
(837, 3906, 'Victoria Peggs', '2001-04-18', 'Female', '462-528-3321', 'vpeggsn8@squidoo.com', '2', 'Gamma ', 'img/user1.png', 27),
(838, 4633, 'Rafi Carverhill', '2000-11-28', 'Male', '358-320-6433', 'rcarverhilln9@over-blog.com', '1', 'Theta ', 'img/user1.png', 16),
(839, 4043, 'Clary Skippen', '1998-05-14', 'Female', '403-624-2031', 'cskippenna@qq.com', '4', 'Alpha ', 'img/user1.png', 20),
(840, 4368, 'Jonie Planks', '2000-04-01', 'Female', '381-394-2916', 'jplanksnb@nhs.uk', '1', 'Beta ', 'img/user1.png', 5),
(841, 4764, 'Austina Stolli', '2000-10-25', 'Female', '193-449-9307', 'astollinc@github.com', '1', 'Gamma ', 'img/user1.png', 18),
(842, 3815, 'Iggy Manston', '2000-08-20', 'Male', '267-817-2830', 'imanstonnd@networksolutions.com', '1', 'Theta ', 'img/user1.png', 40),
(843, 4290, 'Amory Pinnell', '1998-08-06', 'Male', '631-563-2820', 'apinnellne@spotify.com', '1', 'Alpha ', 'img/user1.png', 38),
(844, 3983, 'Beau Southern', '1998-06-20', 'Male', '213-489-5390', 'bsouthernnf@360.cn', '4', 'Beta ', 'img/user1.png', 17),
(845, 4435, 'Zelig Arrighi', '1998-10-26', 'Male', '313-265-5426', 'zarrighing@vistaprint.com', '1', 'Gamma ', 'img/user1.png', 40),
(846, 4691, 'Daisi Effaunt', '1998-03-01', 'Female', '162-421-4563', 'deffauntnh@java.com', '2', 'Theta ', 'img/user1.png', 22),
(847, 4536, 'Cecilla Lukacs', '2001-11-06', 'Female', '541-646-8337', 'clukacsni@statcounter.com', '3', 'Alpha ', 'img/user1.png', 8),
(848, 3850, 'Melissa Tamas', '2001-12-22', 'Female', '206-217-8022', 'mtamasnj@blogs.com', '2', 'Beta ', 'img/user1.png', 38),
(849, 4338, 'Hagan Skirrow', '2000-02-04', 'Male', '528-757-8494', 'hskirrownk@last.fm', '4', 'Gamma ', 'img/user1.png', 4),
(850, 4317, 'Joli Winslow', '1999-12-07', 'Female', '324-401-4845', 'jwinslownl@youtube.com', '1', 'Theta ', 'img/user1.png', 7),
(851, 4022, 'Walsh Oakenfull', '2003-01-30', 'Male', '543-618-2910', 'woakenfullnm@google.nl', '3', 'Alpha ', 'img/user1.png', 16),
(852, 4378, 'Marika Shorey', '1999-10-30', 'Female', '273-978-7161', 'mshoreynn@ihg.com', '3', 'Beta ', 'img/user1.png', 16),
(853, 4537, 'Phyllys Clay', '1999-03-10', 'Female', '532-170-3904', 'pclayno@google.it', '4', 'Gamma ', 'img/user1.png', 26),
(854, 4124, 'Willi Peaker', '2001-05-29', 'Female', '632-898-8176', 'wpeakernp@quantcast.com', '3', 'Theta ', 'img/user1.png', 29),
(855, 4735, 'Zebulon Filer', '2003-07-30', 'Male', '918-492-2700', 'zfilernq@taobao.com', '2', 'Alpha ', 'img/user1.png', 16),
(856, 4685, 'Ariadne Hatherell', '2000-08-13', 'Female', '235-737-4533', 'ahatherellnr@reuters.com', '1', 'Beta ', 'img/user1.png', 28),
(857, 4280, 'Sharron Heinsh', '1999-08-16', 'Female', '477-599-6909', 'sheinshns@chicagotribune.com', '3', 'Gamma ', 'img/user1.png', 4),
(858, 4433, 'Dukie McGaughay', '1998-09-26', 'Male', '889-954-3944', 'dmcgaughaynt@google.es', '3', 'Theta ', 'img/user1.png', 33),
(859, 4295, 'Gav Gregoire', '1998-04-16', 'Male', '193-838-2351', 'ggregoirenu@blogspot.com', '4', 'Alpha ', 'img/user1.png', 19),
(860, 4612, 'Franklyn Mariaud', '1998-09-05', 'Male', '543-742-1910', 'fmariaudnv@google.co.uk', '4', 'Beta ', 'img/user1.png', 5),
(861, 4432, 'Say Allingham', '2000-08-31', 'Male', '469-679-6851', 'sallinghamnw@nationalgeographic.com', '4', 'Gamma ', 'img/user1.png', 26),
(862, 4343, 'Jacquelyn McPhelimey', '2003-01-25', 'Female', '749-677-6757', 'jmcphelimeynx@w3.org', '1', 'Theta ', 'img/user1.png', 12),
(863, 4208, 'Joelly Fetteplace', '1998-08-27', 'Female', '543-913-7433', 'jfetteplaceny@bloglovin.com', '3', 'Alpha ', 'img/user1.png', 39),
(864, 3909, 'Harcourt Sponton', '2002-09-09', 'Male', '260-339-2211', 'hspontonnz@netvibes.com', '4', 'Beta ', 'img/user1.png', 2),
(865, 4736, 'Marjy Gumey', '2002-10-09', 'Female', '720-980-5130', 'mgumeyo0@mapquest.com', '3', 'Gamma ', 'img/user1.png', 3),
(866, 4467, 'Oberon Oherlihy', '2001-06-15', 'Male', '198-417-9473', 'ooherlihyo1@tinyurl.com', '1', 'Theta ', 'img/user1.png', 20),
(867, 4423, 'Edsel Duckworth', '2001-09-03', 'Male', '127-270-4179', 'educkwortho2@behance.net', '1', 'Alpha ', 'img/user1.png', 28),
(868, 4123, 'Minna Fiddiman', '1999-09-04', 'Female', '906-712-0857', 'mfiddimano3@github.io', '3', 'Beta ', 'img/user1.png', 29),
(869, 4311, 'Hobey Fripps', '2002-07-16', 'Male', '415-347-6209', 'hfrippso4@theatlantic.com', '1', 'Gamma ', 'img/user1.png', 36),
(870, 4203, 'Alanson Noades', '2000-09-03', 'Male', '718-412-4508', 'anoadeso5@mozilla.com', '1', 'Theta ', 'img/user1.png', 36),
(871, 4545, 'Gussy Stafford', '2003-10-26', 'Female', '154-500-6155', 'gstaffordo6@e-recht24.de', '4', 'Alpha ', 'img/user1.png', 31),
(872, 4734, 'Kelsi Grissett', '2001-05-19', 'Female', '337-551-4923', 'kgrissetto7@ustream.tv', '2', 'Beta ', 'img/user1.png', 21),
(873, 4134, 'Kathy Sola', '2001-03-10', 'Female', '152-994-7656', 'ksolao8@feedburner.com', '4', 'Gamma ', 'img/user1.png', 34),
(874, 4168, 'Riki Manton', '2001-05-25', 'Female', '652-875-5904', 'rmantono9@mysql.com', '3', 'Theta ', 'img/user1.png', 5),
(875, 4026, 'Ranna Sheryn', '2001-06-30', 'Female', '367-507-0988', 'rsherynoa@nymag.com', '2', 'Alpha ', 'img/user1.png', 2),
(876, 4623, 'Ailsun Baud', '2001-05-06', 'Female', '334-600-9951', 'abaudob@chicagotribune.com', '3', 'Beta ', 'img/user1.png', 3),
(877, 4275, 'Hill Hanshaw', '2000-12-07', 'Male', '218-693-5252', 'hhanshawoc@shinystat.com', '4', 'Gamma ', 'img/user1.png', 9),
(878, 4028, 'Krystyna Sharpley', '2003-02-07', 'Female', '145-364-2959', 'ksharpleyod@storify.com', '1', 'Theta ', 'img/user1.png', 23),
(879, 4067, 'Joceline Haire', '2003-06-22', 'Female', '944-233-8027', 'jhaireoe@goo.ne.jp', '2', 'Alpha ', 'img/user1.png', 37),
(880, 4617, 'Dicky McKenney', '1998-09-30', 'Male', '692-616-2522', 'dmckenneyof@i2i.jp', '4', 'Beta ', 'img/user1.png', 25),
(881, 4314, 'Laure Clooney', '2001-12-09', 'Female', '904-253-6483', 'lclooneyog@marketwatch.com', '3', 'Gamma ', 'img/user1.png', 26),
(882, 4651, 'Meryl Cranstoun', '1998-08-05', 'Female', '813-869-9052', 'mcranstounoh@java.com', '3', 'Theta ', 'img/user1.png', 38),
(883, 4023, 'Rosalyn Cardwell', '2001-03-15', 'Female', '608-689-3077', 'rcardwelloi@japanpost.jp', '2', 'Alpha ', 'img/user1.png', 32),
(884, 3830, 'Jasmin Piggot', '2001-08-17', 'Female', '270-910-4180', 'jpiggotoj@nyu.edu', '4', 'Beta ', 'img/user1.png', 37),
(885, 4503, 'Thadeus Bonifacio', '2002-09-17', 'Male', '114-579-0966', 'tbonifaciook@google.nl', '1', 'Gamma ', 'img/user1.png', 18),
(886, 4071, 'Gib Todari', '1999-05-19', 'Male', '906-844-0800', 'gtodariol@twitpic.com', '1', 'Theta ', 'img/user1.png', 35),
(887, 3965, 'Emily Child', '2003-08-31', 'Female', '902-387-0167', 'echildom@unblog.fr', '1', 'Alpha ', 'img/user1.png', 27),
(888, 4057, 'Hunt Akast', '2002-05-15', 'Male', '191-194-2134', 'hakaston@gov.uk', '3', 'Beta ', 'img/user1.png', 31),
(889, 4041, 'Kerianne De Moreno', '2001-11-03', 'Female', '123-851-1414', 'kdeoo@hibu.com', '3', 'Gamma ', 'img/user1.png', 19),
(890, 4662, 'Courtenay Snedker', '1999-02-11', 'Female', '805-855-4955', 'csnedkerop@disqus.com', '3', 'Theta ', 'img/user1.png', 31),
(891, 4089, 'Glad Cockhill', '1998-03-29', 'Female', '848-163-5927', 'gcockhilloq@livejournal.com', '4', 'Alpha ', 'img/user1.png', 40),
(892, 4560, 'Bernete Habben', '2001-01-09', 'Female', '584-503-1783', 'bhabbenor@samsung.com', '2', 'Beta ', 'img/user1.png', 26),
(893, 4799, 'Drud Jacson', '2002-07-14', 'Male', '338-244-7488', 'djacsonos@elegantthemes.com', '4', 'Gamma ', 'img/user1.png', 13),
(894, 3992, 'Eadie Rathbone', '1999-03-16', 'Female', '473-220-2464', 'erathboneot@arstechnica.com', '1', 'Theta ', 'img/user1.png', 26),
(895, 4502, 'Julia Surgison', '1998-02-16', 'Female', '318-353-8729', 'jsurgisonou@epa.gov', '2', 'Alpha ', 'img/user1.png', 19),
(896, 4618, 'Jennilee Ailward', '2003-07-17', 'Female', '665-649-8151', 'jailwardov@prlog.org', '2', 'Beta ', 'img/user1.png', 19),
(897, 4507, 'Monica O\'Hagirtie', '2000-03-28', 'Female', '679-161-1868', 'mohagirtieow@chicagotribune.com', '1', 'Gamma ', 'img/user1.png', 37),
(898, 4429, 'Teodora Ferrillio', '2001-08-13', 'Female', '824-145-3771', 'tferrillioox@stanford.edu', '4', 'Theta ', 'img/user1.png', 1),
(899, 4299, 'Cathy Sitlington', '2001-06-02', 'Female', '440-826-2933', 'csitlingtonoy@theatlantic.com', '2', 'Alpha ', 'img/user1.png', 15),
(900, 4621, 'Kippie Ragsdale', '2001-03-27', 'Male', '601-492-8504', 'kragsdaleoz@cdc.gov', '2', 'Beta ', 'img/user1.png', 18),
(901, 4258, 'Lazaro Worshall', '1998-02-11', 'Male', '606-566-0839', 'lworshallp0@topsy.com', '3', 'Gamma ', 'img/user1.png', 22),
(902, 4536, 'Helga Alentyev', '2000-12-22', 'Female', '130-698-3796', 'halentyevp1@tamu.edu', '3', 'Theta ', 'img/user1.png', 6),
(903, 4091, 'Morlee Goucher', '2001-09-06', 'Male', '156-153-7058', 'mgoucherp2@spiegel.de', '2', 'Alpha ', 'img/user1.png', 37),
(904, 4470, 'Thadeus Hadenton', '2003-03-22', 'Male', '591-249-6428', 'thadentonp3@tiny.cc', '4', 'Beta ', 'img/user1.png', 21),
(905, 4217, 'Giorgi Pieter', '1999-12-25', 'Male', '385-387-3544', 'gpieterp4@comsenz.com', '2', 'Gamma ', 'img/user1.png', 36),
(906, 4779, 'Bernadette Readwin', '2001-10-25', 'Female', '623-538-3113', 'breadwinp5@plala.or.jp', '2', 'Theta ', 'img/user1.png', 13),
(907, 4138, 'Swen Chapellow', '2002-06-07', 'Male', '624-359-4730', 'schapellowp6@tiny.cc', '2', 'Alpha ', 'img/user1.png', 37),
(908, 4025, 'Rheta Stalley', '2000-09-15', 'Female', '856-445-4817', 'rstalleyp7@google.com', '3', 'Beta ', 'img/user1.png', 14),
(909, 4718, 'Vittorio Leeming', '1999-03-14', 'Male', '962-640-1245', 'vleemingp8@google.cn', '2', 'Gamma ', 'img/user1.png', 25),
(910, 4738, 'Ophelia Salkild', '1999-04-06', 'Female', '308-995-0728', 'osalkildp9@samsung.com', '4', 'Theta ', 'img/user1.png', 39),
(911, 4107, 'Jolyn Kerton', '1998-02-05', 'Female', '587-450-0747', 'jkertonpa@hugedomains.com', '3', 'Alpha ', 'img/user1.png', 5),
(912, 4361, 'Annamaria Lyste', '1999-06-17', 'Female', '297-941-2180', 'alystepb@wp.com', '1', 'Beta ', 'img/user1.png', 12),
(913, 4646, 'Phyllis Reisin', '2002-07-04', 'Female', '388-373-3255', 'preisinpc@ebay.co.uk', '2', 'Gamma ', 'img/user1.png', 15),
(914, 3933, 'Robby Dubock', '1999-01-25', 'Male', '999-429-7984', 'rdubockpd@woothemes.com', '1', 'Theta ', 'img/user1.png', 31),
(915, 3860, 'Clemence Wilsdon', '2002-04-23', 'Female', '325-804-3680', 'cwilsdonpe@diigo.com', '2', 'Alpha ', 'img/user1.png', 23),
(916, 4060, 'Camilla Larking', '2000-11-16', 'Female', '713-793-2504', 'clarkingpf@issuu.com', '3', 'Beta ', 'img/user1.png', 9),
(917, 4221, 'Ritchie Temblett', '2000-09-10', 'Male', '899-244-0282', 'rtemblettpg@symantec.com', '4', 'Gamma ', 'img/user1.png', 39),
(918, 4146, 'Perkin Blacksell', '2003-09-25', 'Male', '992-487-0062', 'pblacksellph@tuttocitta.it', '1', 'Theta ', 'img/user1.png', 25),
(919, 3845, 'Tedra Shave', '2002-12-03', 'Female', '764-221-5269', 'tshavepi@usnews.com', '4', 'Alpha ', 'img/user1.png', 12),
(920, 4646, 'Reggie Haime', '1999-11-27', 'Male', '613-905-9155', 'rhaimepj@google.cn', '2', 'Beta ', 'img/user1.png', 2),
(921, 3950, 'Joleen Aggis', '1998-09-06', 'Female', '432-767-8800', 'jaggispk@house.gov', '3', 'Gamma ', 'img/user1.png', 28),
(922, 4675, 'Valentin O\'Crevan', '1999-11-09', 'Male', '934-808-7556', 'vocrevanpl@instagram.com', '2', 'Theta ', 'img/user1.png', 33),
(923, 4555, 'Berti Cordell', '2001-10-29', 'Male', '756-737-6117', 'bcordellpm@alibaba.com', '4', 'Alpha ', 'img/user1.png', 24),
(924, 4406, 'Millisent Jobbing', '1998-09-02', 'Female', '923-919-7715', 'mjobbingpn@symantec.com', '2', 'Beta ', 'img/user1.png', 5),
(925, 4388, 'Sherilyn Reville', '2000-12-02', 'Female', '739-948-1060', 'srevillepo@china.com.cn', '2', 'Gamma ', 'img/user1.png', 38),
(926, 4195, 'Ned Phear', '1999-06-22', 'Male', '604-355-9831', 'nphearpp@canalblog.com', '1', 'Theta ', 'img/user1.png', 38),
(927, 4090, 'Aarika Lusher', '2001-03-02', 'Female', '276-125-1722', 'alusherpq@friendfeed.com', '1', 'Alpha ', 'img/user1.png', 26),
(928, 4392, 'Juieta Gozzett', '1999-08-13', 'Female', '392-460-4745', 'jgozzettpr@google.es', '2', 'Beta ', 'img/user1.png', 21),
(929, 4742, 'Karon Woolmore', '2001-09-20', 'Female', '104-149-3044', 'kwoolmoreps@marketwatch.com', '4', 'Gamma ', 'img/user1.png', 24),
(930, 4462, 'Daron Acors', '2003-11-15', 'Female', '981-999-4187', 'dacorspt@diigo.com', '1', 'Theta ', 'img/user1.png', 7),
(931, 4164, 'Monah Thulborn', '2000-11-09', 'Female', '198-577-6468', 'mthulbornpu@pen.io', '2', 'Alpha ', 'img/user1.png', 11),
(932, 4326, 'Berk Augustus', '2003-04-05', 'Male', '526-871-6409', 'baugustuspv@reverbnation.com', '4', 'Beta ', 'img/user1.png', 12),
(933, 4738, 'Sherilyn Sijmons', '2002-01-18', 'Female', '464-250-0838', 'ssijmonspw@wix.com', '4', 'Gamma ', 'img/user1.png', 3),
(934, 3885, 'Davin Lagde', '1999-12-31', 'Male', '372-300-7397', 'dlagdepx@economist.com', '3', 'Theta ', 'img/user1.png', 34),
(935, 4169, 'Kirk Chalfont', '1999-04-18', 'Male', '339-903-8138', 'kchalfontpy@histats.com', '3', 'Alpha ', 'img/user1.png', 3),
(936, 4271, 'Adorne Scriviner', '2003-02-02', 'Female', '327-266-4366', 'ascrivinerpz@abc.net.au', '2', 'Beta ', 'img/user1.png', 14),
(937, 4265, 'Corby Haylock', '1998-10-04', 'Male', '727-717-0739', 'chaylockq0@yahoo.com', '2', 'Gamma ', 'img/user1.png', 27),
(938, 4806, 'Arlin Walkley', '2000-02-15', 'Male', '416-564-9834', 'awalkleyq1@yolasite.com', '2', 'Theta ', 'img/user1.png', 32),
(939, 3855, 'Prentiss Duchesne', '2000-01-25', 'Male', '717-508-4512', 'pduchesneq2@umich.edu', '1', 'Alpha ', 'img/user1.png', 4),
(940, 4480, 'Kerrin Dibley', '1999-07-31', 'Female', '135-832-8446', 'kdibleyq3@addtoany.com', '3', 'Beta ', 'img/user1.png', 16),
(941, 4483, 'Cristiano Giannini', '2002-09-18', 'Male', '224-941-8232', 'cgianniniq4@cisco.com', '1', 'Gamma ', 'img/user1.png', 3),
(942, 4365, 'Rubia Reeman', '2002-04-30', 'Female', '888-618-3985', 'rreemanq5@goo.ne.jp', '1', 'Theta ', 'img/user1.png', 26),
(943, 4219, 'Ivor Pavett', '2000-10-13', 'Male', '722-638-4078', 'ipavettq6@mtv.com', '2', 'Alpha ', 'img/user1.png', 24),
(944, 4789, 'Hunt Klaves', '1998-05-24', 'Male', '917-920-8036', 'hklavesq7@shop-pro.jp', '1', 'Beta ', 'img/user1.png', 18),
(945, 3873, 'Stevie Zottoli', '1999-06-20', 'Male', '373-171-8593', 'szottoliq8@kickstarter.com', '3', 'Gamma ', 'img/user1.png', 28),
(946, 3818, 'Pandora Eltone', '1999-04-27', 'Female', '973-508-9353', 'peltoneq9@netvibes.com', '3', 'Theta ', 'img/user1.png', 32),
(947, 4228, 'Ilaire Beddoes', '2002-01-28', 'Male', '501-866-4413', 'ibeddoesqa@walmart.com', '2', 'Alpha ', 'img/user1.png', 23),
(948, 3883, 'Georgie Benninck', '2000-01-28', 'Male', '683-731-9279', 'gbenninckqb@elegantthemes.com', '1', 'Beta ', 'img/user1.png', 1),
(949, 4613, 'Ann Everist', '2001-04-10', 'Female', '242-330-0250', 'aeveristqc@example.com', '3', 'Gamma ', 'img/user1.png', 18),
(950, 4741, 'Jaquelin Powelee', '1998-02-13', 'Female', '505-177-5652', 'jpoweleeqd@surveymonkey.com', '4', 'Theta ', 'img/user1.png', 36),
(951, 3832, 'Der Yancey', '2003-09-02', 'Male', '331-649-8864', 'dyanceyqe@multiply.com', '3', 'Alpha ', 'img/user1.png', 1),
(952, 4751, 'Nikola Geertsen', '2002-10-20', 'Male', '801-469-4558', 'ngeertsenqf@alexa.com', '4', 'Beta ', 'img/user1.png', 13),
(953, 4675, 'Lynett Boness', '2003-11-04', 'Female', '399-129-9187', 'lbonessqg@hao123.com', '3', 'Gamma ', 'img/user1.png', 4),
(954, 4362, 'Alisha Gimbrett', '2001-05-29', 'Female', '435-282-2840', 'agimbrettqh@tripod.com', '4', 'Theta ', 'img/user1.png', 3),
(955, 4582, 'Nari Huxton', '1998-03-06', 'Female', '706-443-5393', 'nhuxtonqi@symantec.com', '3', 'Alpha ', 'img/user1.png', 19),
(956, 3847, 'Lona Huske', '2002-06-12', 'Female', '756-612-3413', 'lhuskeqj@dedecms.com', '1', 'Beta ', 'img/user1.png', 11),
(957, 4581, 'Clare Ponter', '2003-11-15', 'Female', '515-853-8833', 'cponterqk@w3.org', '1', 'Gamma ', 'img/user1.png', 18),
(958, 4359, 'Tull Beggan', '2001-09-02', 'Male', '689-336-0511', 'tbegganql@virginia.edu', '2', 'Theta ', 'img/user1.png', 33),
(959, 4509, 'Miguel Govenlock', '1999-03-23', 'Male', '175-633-2232', 'mgovenlockqm@indiatimes.com', '2', 'Alpha ', 'img/user1.png', 29),
(960, 4472, 'Georgeta Finlry', '2001-03-12', 'Female', '150-708-6080', 'gfinlryqn@yellowbook.com', '2', 'Beta ', 'img/user1.png', 16),
(961, 4472, 'Rory Hunter', '1998-09-08', 'Male', '342-339-7480', 'rhunterqo@ow.ly', '2', 'Gamma ', 'img/user1.png', 30),
(962, 3864, 'Camey Preston', '2000-04-11', 'Male', '283-610-7924', 'cprestonqp@princeton.edu', '2', 'Theta ', 'img/user1.png', 24),
(963, 3948, 'Bastien Rosellini', '2003-10-30', 'Male', '148-827-4760', 'broselliniqq@addthis.com', '3', 'Alpha ', 'img/user1.png', 35),
(964, 4416, 'Dynah Gambrell', '1999-02-22', 'Female', '158-384-2094', 'dgambrellqr@sitemeter.com', '2', 'Beta ', 'img/user1.png', 18),
(965, 4309, 'Cathie Meysham', '2001-11-27', 'Female', '956-192-3933', 'cmeyshamqs@google.ca', '4', 'Gamma ', 'img/user1.png', 13),
(966, 4335, 'Adelbert Ferrulli', '1998-12-01', 'Male', '281-297-6307', 'aferrulliqt@sogou.com', '4', 'Theta ', 'img/user1.png', 11),
(967, 4778, 'Casey Wolfendell', '1999-10-16', 'Male', '375-354-0406', 'cwolfendellqu@comsenz.com', '4', 'Alpha ', 'img/user1.png', 3),
(968, 4322, 'Quint Alliott', '2001-11-18', 'Male', '811-778-6518', 'qalliottqv@theatlantic.com', '3', 'Beta ', 'img/user1.png', 8),
(969, 4280, 'Lamond Stirgess', '2002-03-27', 'Male', '969-888-4438', 'lstirgessqw@arizona.edu', '4', 'Gamma ', 'img/user1.png', 30),
(970, 4256, 'Salomo McKevitt', '1999-08-09', 'Male', '465-181-8887', 'smckevittqx@ovh.net', '3', 'Theta ', 'img/user1.png', 32),
(971, 4613, 'Boycey Blinerman', '1999-08-27', 'Male', '658-883-4731', 'bblinermanqy@aboutads.info', '4', 'Alpha ', 'img/user1.png', 28),
(972, 4248, 'Pattie Juckes', '2003-10-16', 'Female', '894-278-1294', 'pjuckesqz@cnbc.com', '4', 'Beta ', 'img/user1.png', 6),
(973, 4417, 'Erina Barrs', '2000-04-20', 'Female', '474-111-3434', 'ebarrsr0@ucsd.edu', '4', 'Gamma ', 'img/user1.png', 7),
(974, 3987, 'Beverie Spurrett', '2001-02-08', 'Female', '391-356-3269', 'bspurrettr1@blogs.com', '1', 'Theta ', 'img/user1.png', 36),
(975, 3916, 'Valaree De la Yglesias', '2003-10-21', 'Female', '626-371-1664', 'vder2@yolasite.com', '3', 'Alpha ', 'img/user1.png', 39),
(976, 4796, 'Nissy Blose', '2000-07-16', 'Female', '815-934-5089', 'nbloser3@xrea.com', '1', 'Beta ', 'img/user1.png', 19),
(977, 4150, 'Richart Longthorn', '2002-10-03', 'Male', '989-823-3789', 'rlongthornr4@netvibes.com', '3', 'Gamma ', 'img/user1.png', 2),
(978, 4771, 'Alleen Able', '2003-04-13', 'Female', '530-512-7603', 'aabler5@imgur.com', '4', 'Theta ', 'img/user1.png', 20),
(979, 4348, 'Jeanie Rose', '2000-12-27', 'Female', '145-974-9245', 'jroser6@epa.gov', '3', 'Alpha ', 'img/user1.png', 9),
(980, 3904, 'Caryl Ivakin', '2002-05-05', 'Female', '850-216-9893', 'civakinr7@goo.gl', '1', 'Beta ', 'img/user1.png', 32),
(981, 4605, 'Carmencita Spoure', '1999-01-27', 'Female', '332-154-6662', 'cspourer8@eventbrite.com', '2', 'Gamma ', 'img/user1.png', 7),
(982, 4657, 'Husain Vyvyan', '1999-11-09', 'Male', '812-791-4433', 'hvyvyanr9@stumbleupon.com', '4', 'Theta ', 'img/user1.png', 31),
(983, 4099, 'Etheline Woodall', '2003-09-20', 'Female', '417-161-4246', 'ewoodallra@webs.com', '2', 'Alpha ', 'img/user1.png', 35),
(984, 4305, 'Alecia Augie', '2002-02-13', 'Female', '265-718-3070', 'aaugierb@bigcartel.com', '3', 'Beta ', 'img/user1.png', 15),
(985, 4060, 'Giselbert Brotherhed', '2003-12-12', 'Male', '178-236-9864', 'gbrotherhedrc@4shared.com', '4', 'Gamma ', 'img/user1.png', 25),
(986, 4478, 'Odilia Norwich', '2001-02-03', 'Female', '922-380-9262', 'onorwichrd@msu.edu', '1', 'Theta ', 'img/user1.png', 18),
(987, 4687, 'Cynthy Larvin', '1998-10-03', 'Female', '494-647-3471', 'clarvinre@goodreads.com', '2', 'Alpha ', 'img/user1.png', 16),
(988, 3855, 'Bud Deinhard', '2000-12-25', 'Male', '626-498-6950', 'bdeinhardrf@reuters.com', '4', 'Beta ', 'img/user1.png', 17),
(989, 4663, 'Lynn Benger', '2001-05-27', 'Female', '131-475-6441', 'lbengerrg@cocolog-nifty.com', '2', 'Gamma ', 'img/user1.png', 1),
(990, 4534, 'Barny Peyntue', '2002-02-15', 'Male', '192-248-9887', 'bpeyntuerh@blogger.com', '2', 'Theta ', 'img/user1.png', 4),
(991, 3902, 'Duffy Gaine of England', '2001-06-25', 'Male', '198-408-7786', 'dgaineri@mlb.com', '2', 'Alpha ', 'img/user1.png', 31),
(992, 4147, 'Ketty Ikins', '1998-02-25', 'Female', '605-756-9234', 'kikinsrj@163.com', '1', 'Beta ', 'img/user1.png', 20),
(993, 4563, 'Linzy Arenson', '1999-11-17', 'Female', '112-713-7333', 'larensonrk@simplemachines.org', '2', 'Gamma ', 'img/user1.png', 31),
(994, 3838, 'Evonne Sommerville', '2003-01-30', 'Female', '844-367-1911', 'esommervillerl@dailymail.co.uk', '2', 'Theta ', 'img/user1.png', 15),
(995, 4468, 'Fey Grundon', '1999-06-16', 'Female', '853-499-1626', 'fgrundonrm@icio.us', '3', 'Alpha ', 'img/user1.png', 18),
(996, 3845, 'Hyacinth Penwright', '2001-11-28', 'Female', '114-405-5890', 'hpenwrightrn@imdb.com', '4', 'Beta ', 'img/user1.png', 4),
(997, 3909, 'Aland Brimelow', '1998-10-19', 'Male', '599-126-8040', 'abrimelowro@unc.edu', '4', 'Gamma ', 'img/user1.png', 30),
(998, 3890, 'Lance Coulton', '2003-07-06', 'Male', '734-562-6232', 'lcoultonrp@npr.org', '1', 'Theta ', 'img/user1.png', 22),
(999, 4183, 'Henrieta McGilvray', '1998-08-11', 'Female', '655-668-5575', 'hmcgilvrayrq@rediff.com', '1', 'Alpha ', 'img/user1.png', 31),
(1000, 4764, 'Zed Nuttall', '2000-12-17', 'Male', '921-273-7212', 'znuttallrr@cmu.edu', '4', 'Beta ', 'img/user1.png', 26);

-- --------------------------------------------------------

--
-- Table structure for table `subject`
--

CREATE TABLE `subject` (
  `SID` int(11) NOT NULL,
  `SNAME` varchar(150) NOT NULL
) ENGINE=InnoDB DEFAULT CHARSET=utf8mb4;

--
-- Dumping data for table `subject`
--

INSERT INTO `subject` (`SID`, `SNAME`) VALUES
(1, 'English'),
(2, 'Kiswahili'),
(3, 'Maths'),
(4, 'Chemistry'),
(5, 'Biology'),
(6, 'Physics'),
(7, 'History and government'),
(9, 'Christian religious education'),
(10, 'Business'),
(13, 'Agriculture'),
(14, 'Geography');

-- --------------------------------------------------------

--
-- Table structure for table `teacher`
--

CREATE TABLE `teacher` (
  `tid` int(11) NOT NULL,
  `tusername` varchar(150) NOT NULL,
  `tpassword` varchar(150) NOT NULL,
  `qualifications` varchar(300) NOT NULL,
  `salary` decimal(15,2) NOT NULL,
  `TscNo` varchar(150) NOT NULL,
  `mail` varchar(150) NOT NULL,
  `telephone` text NOT NULL,
  `image` varchar(150) NOT NULL
) ENGINE=InnoDB DEFAULT CHARSET=utf8mb4;

--
-- Dumping data for table `teacher`
--

INSERT INTO `teacher` (`tid`, `tusername`, `tpassword`, `qualifications`, `salary`, `TscNo`, `mail`, `telephone`, `image`) VALUES
(1, 'Nelsonel Juan', '0000', '', '118718.67', '864123861-1', 'nelson@hmaol.com', '079-8616-085', 'teacher/user1.png'),
(2, 'Rockie Scatchar', 'RsWOcN', '', '100539.35', '023440475-2', 'rscatchar1@yahoo.com', '724-960-8528', 'http://dummyimage.com/149x108.jpg/cc0000/ffffff'),
(3, 'Darleen Sopp', 'TJnaW7G5N', '', '72025.15', '507759326-4', 'dsopp2@soundcloud.com', '757-587-9635', 'http://dummyimage.com/105x212.jpg/ff4444/ffffff'),
(4, 'Ignaz McCurdy', 'EgSd4ly', '', '114400.77', '695317067-0', 'imccurdy3@microsoft.com', '674-520-6468', 'http://dummyimage.com/185x189.jpg/dddddd/000000'),
(5, 'Jere Caine', 'uEttx6D', '', '51746.50', '177260389-9', 'jcaine4@mozilla.com', '482-366-5836', 'http://dummyimage.com/101x202.jpg/cc0000/ffffff'),
(6, 'Catarina Lush', 'IxCU0S53nxw', '', '130911.09', '274394900-7', 'clush5@cdc.gov', '106-724-9117', 'http://dummyimage.com/107x171.png/dddddd/000000'),
(7, 'Alexei Carrett', 'I7AC4YilKSU', '', '61086.87', '839405409-9', 'acarrett6@blog.com', '618-815-1513', 'http://dummyimage.com/170x166.png/ff4444/ffffff'),
(8, 'Lonna Beeton', '6yzA6iZH', '', '65709.88', '567841019-9', 'lbeeton7@linkedin.com', '619-642-8382', 'http://dummyimage.com/123x121.bmp/dddddd/000000'),
(9, 'Chaunce Bye', 'ChTgK2BC9l9', '', '90782.75', '955869852-0', 'cbye8@boston.com', '137-479-2074', 'http://dummyimage.com/222x105.png/cc0000/ffffff'),
(10, 'Yevette Dowe', 'KAb3vR', '', '45174.64', '997753781-X', 'ydowe9@nyu.edu', '497-321-0631', 'http://dummyimage.com/126x212.png/ff4444/ffffff'),
(11, 'Bevan Houseman', 'slwd5KZj2II', '', '88013.27', '480654322-5', 'bhousemana@usgs.gov', '559-989-2564', 'http://dummyimage.com/211x108.png/dddddd/000000'),
(12, 'Klara Purton', 'nl1U8c', '', '65755.01', '337560238-3', 'kpurtonb@illinois.edu', '211-793-5315', 'http://dummyimage.com/101x141.bmp/5fa2dd/ffffff'),
(13, 'Cosmo Breslau', 'OdjUYrxGz6T7', '', '53650.94', '581539035-6', 'cbreslauc@harvard.edu', '300-365-0472', 'http://dummyimage.com/124x165.jpg/dddddd/000000'),
(14, 'Elyssa Greenroad', 'KuFbtJY8NGRT', '', '74510.38', '739315338-6', 'egreenroadd@biblegateway.com', '265-628-9491', 'http://dummyimage.com/130x241.bmp/ff4444/ffffff'),
(15, 'Karlens Snedden', '12ASRkShiD0', '', '90691.46', '264771185-2', 'ksneddene@kickstarter.com', '560-301-8272', 'http://dummyimage.com/108x153.bmp/5fa2dd/ffffff'),
(16, 'Laurena Clissett', 'MXxl7y', '', '78354.41', '386050957-8', 'lclissettf@mapy.cz', '196-503-6380', 'http://dummyimage.com/175x111.png/cc0000/ffffff'),
(17, 'Annabell Cruickshanks', 'laoUWl', '', '87422.84', '891089216-1', 'acruickshanksg@un.org', '360-827-4320', 'http://dummyimage.com/134x146.jpg/ff4444/ffffff'),
(18, 'Waneta Wastell', 'GJVfmPCOcvX', '', '110827.04', '025518000-4', 'wwastellh@blogs.com', '208-145-6889', 'http://dummyimage.com/179x126.jpg/dddddd/000000'),
(19, 'Jed Godber', 'xlhf8F', '', '139436.69', '623979500-3', 'jgodberi@toplist.cz', '470-846-7358', 'http://dummyimage.com/215x226.bmp/ff4444/ffffff'),
(20, 'Aurlie Asgodby', 'lZ920p', '', '122506.01', '100595616-2', 'aasgodbyj@msu.edu', '563-645-9181', 'http://dummyimage.com/106x221.png/dddddd/000000'),
(21, 'Robers Matteoli', 'ntRnMayz4i5Q', '', '93364.22', '667046396-0', 'rmatteolik@blog.com', '402-745-4705', 'http://dummyimage.com/185x128.bmp/cc0000/ffffff'),
(22, 'Mikel Ding', 'ePVuIp', '', '40031.32', '183518957-1', 'mdingl@china.com.cn', '745-299-3575', 'http://dummyimage.com/217x187.jpg/cc0000/ffffff'),
(23, 'Gamaliel Grishinov', 'bNN6VOsWH0', '', '138319.50', '126635266-X', 'ggrishinovm@cloudflare.com', '830-806-1913', 'http://dummyimage.com/158x178.bmp/cc0000/ffffff'),
(24, 'Ema Ewers', 'kTrTiE', '', '45245.40', '142267529-7', 'eewersn@last.fm', '459-407-4632', 'http://dummyimage.com/139x137.jpg/5fa2dd/ffffff'),
(25, 'Hall Fogden', '5kxfsDP', '', '42882.49', '872601709-1', 'hfogdeno@hatena.ne.jp', '803-140-4585', 'http://dummyimage.com/183x151.bmp/cc0000/ffffff'),
(26, 'Neils Splevings', 'iESik1ircg', '', '47870.53', '780104148-8', 'nsplevingsp@fda.gov', '383-764-3301', 'http://dummyimage.com/214x237.jpg/5fa2dd/ffffff'),
(27, 'Marisa Tebald', 'mNqQCEcP0Mzv', '', '71525.48', '711292042-6', 'mtebaldq@trellian.com', '435-472-5734', 'http://dummyimage.com/132x102.bmp/cc0000/ffffff'),
(28, 'Dorise Hurdman', 'VWtJvcH', '', '125731.84', '661837161-9', 'dhurdmanr@jalbum.net', '291-124-5810', 'http://dummyimage.com/178x242.jpg/dddddd/000000'),
(29, 'Elisabetta Cullinan', 'uAAa5Nqg0uVY', '', '46599.96', '137110316-X', 'ecullinans@nyu.edu', '503-715-5160', 'http://dummyimage.com/206x242.jpg/dddddd/000000'),
(30, 'Jamie Parham', 'o3rWlBuHW', '', '105127.16', '899789877-9', 'jparhamt@creativecommons.org', '391-519-6686', 'http://dummyimage.com/129x159.bmp/cc0000/ffffff'),
(31, 'Grantham Stouther', 'Yy1M5mRTkO8', '', '114783.32', '775996207-X', 'gstoutheru@boston.com', '527-324-2554', 'http://dummyimage.com/179x203.jpg/ff4444/ffffff'),
(32, 'Atlanta Michelin', '0hUiG3rX', '', '138794.57', '365157219-6', 'amichelinv@dyndns.org', '453-481-8739', 'http://dummyimage.com/131x242.bmp/ff4444/ffffff'),
(33, 'Renado Zute', 'renado1234', '', '72095.75', '281235179-9', 'rzutew@yolasite.com', '530-579-9359', 'http://dummyimage.com/163x243.png/ff4444/ffffff'),
(34, 'Elvyn Daniell', 'ckVAsTVk', '', '51752.21', '704217196-9', 'edaniellx@google.cn', '712-341-7097', 'http://dummyimage.com/235x175.bmp/5fa2dd/ffffff'),
(35, 'Antonin Howarth', 'jxKK46', '', '48162.87', '526825260-7', 'ahowarthy@t.co', '209-903-2720', 'http://dummyimage.com/143x193.png/5fa2dd/ffffff'),
(36, 'Babbette Tudgay', 'u1ahmXRok', '', '72848.91', '567991718-1', 'btudgayz@fema.gov', '115-943-9804', 'http://dummyimage.com/199x247.bmp/dddddd/000000'),
(37, 'Kerk Aggus', 'JKcq3piyr', '', '122650.23', '342002924-1', 'kaggus10@nature.com', '216-927-5198', 'http://dummyimage.com/185x137.jpg/ff4444/ffffff'),
(38, 'Javier Mintoff', '5YpYgjxPCE', '', '122330.19', '887352187-8', 'jmintoff11@apache.org', '251-936-8498', 'http://dummyimage.com/146x211.bmp/5fa2dd/ffffff'),
(39, 'Cornall Ousby', 'M8vimglMKK', '', '64096.16', '146791050-3', 'cousby12@scribd.com', '862-248-1035', 'http://dummyimage.com/173x125.bmp/5fa2dd/ffffff'),
(40, 'Jess Savaage', 'OEnQ3e', '', '41830.61', '775646327-7', 'jsavaage13@mozilla.com', '589-992-7730', 'http://dummyimage.com/178x191.bmp/dddddd/000000'),
(42, 'C Bett', '1234', 'Masters in Quatrum Physics', '240000.00', '755646327-3', 'bett@gmail.com', '072-333-7380', 'teacher/user1.png');

--
-- Indexes for dumped tables
--

--
-- Indexes for table `admin`
--
ALTER TABLE `admin`
  ADD PRIMARY KEY (`aid`);

--
-- Indexes for table `class`
--
ALTER TABLE `class`
  ADD PRIMARY KEY (`cid`);

--
-- Indexes for table `form`
--
ALTER TABLE `form`
  ADD PRIMARY KEY (`fid`);

--
-- Indexes for table `hclass`
--
ALTER TABLE `hclass`
  ADD PRIMARY KEY (`HID`);

--
-- Indexes for table `mark`
--
ALTER TABLE `mark`
  ADD PRIMARY KEY (`MID`);

--
-- Indexes for table `mtiani`
--
ALTER TABLE `mtiani`
  ADD PRIMARY KEY (`EID`);

--
-- Indexes for table `student`
--
ALTER TABLE `student`
  ADD PRIMARY KEY (`aid`);

--
-- Indexes for table `subject`
--
ALTER TABLE `subject`
  ADD PRIMARY KEY (`SID`);

--
-- Indexes for table `teacher`
--
ALTER TABLE `teacher`
  ADD PRIMARY KEY (`tid`);

--
-- AUTO_INCREMENT for dumped tables
--

--
-- AUTO_INCREMENT for table `admin`
--
ALTER TABLE `admin`
  MODIFY `aid` int(11) NOT NULL AUTO_INCREMENT, AUTO_INCREMENT=4;

--
-- AUTO_INCREMENT for table `class`
--
ALTER TABLE `class`
  MODIFY `cid` int(11) NOT NULL AUTO_INCREMENT, AUTO_INCREMENT=13;

--
-- AUTO_INCREMENT for table `form`
--
ALTER TABLE `form`
  MODIFY `fid` int(11) NOT NULL AUTO_INCREMENT;

--
-- AUTO_INCREMENT for table `hclass`
--
ALTER TABLE `hclass`
  MODIFY `HID` int(10) NOT NULL AUTO_INCREMENT, AUTO_INCREMENT=3;

--
-- AUTO_INCREMENT for table `mark`
--
ALTER TABLE `mark`
  MODIFY `MID` int(11) NOT NULL AUTO_INCREMENT, AUTO_INCREMENT=3;

--
-- AUTO_INCREMENT for table `mtiani`
--
ALTER TABLE `mtiani`
  MODIFY `EID` int(11) NOT NULL AUTO_INCREMENT, AUTO_INCREMENT=16;

--
-- AUTO_INCREMENT for table `student`
--
ALTER TABLE `student`
  MODIFY `aid` int(11) NOT NULL AUTO_INCREMENT, AUTO_INCREMENT=1001;

--
-- AUTO_INCREMENT for table `subject`
--
ALTER TABLE `subject`
  MODIFY `SID` int(11) NOT NULL AUTO_INCREMENT, AUTO_INCREMENT=15;

--
-- AUTO_INCREMENT for table `teacher`
--
ALTER TABLE `teacher`
  MODIFY `tid` int(11) NOT NULL AUTO_INCREMENT, AUTO_INCREMENT=46;
COMMIT;

/*!40101 SET CHARACTER_SET_CLIENT=@OLD_CHARACTER_SET_CLIENT */;
/*!40101 SET CHARACTER_SET_RESULTS=@OLD_CHARACTER_SET_RESULTS */;
/*!40101 SET COLLATION_CONNECTION=@OLD_COLLATION_CONNECTION */;
